Gene,ID
.,2109
0610009B22Rik,2110
0610009L18Rik,2111
0610012d04rik,2112
0610030E20Rik,2113
1110002L01Rik,2114
1110008F13Rik,2115
1110018n20rik,2116
1110036e04rik,2117
1190005I06Rik,2118
1300017J02Rik,2119
1500009C09Rik,2120
1500011B03Rik,2121
1600002K03Rik,2122
1600014C23Rik,2123
1600014c10rik,2124
1600014c23rik,2125
1700001C19Rik,2126
1700001O22Rik,2127
1700001o22rik,2128
1700003F12Rik,2129
1700003m07rik,2130
1700006E09Rik,2131
1700007K13Rik,2132
1700012B07Rik,2133
1700012b09rik,2134
1700012c14rik,2135
1700012i11rik,2136
1700016K19Rik,2137
1700016b01rik,2138
1700016c19rik,2139
1700017B05Rik,2140
1700017b05rik,2141
1700020g03rik,2142
1700021F05Rik,2143
1700021n21rik,2144
1700025c18rik,2145
1700034J05Rik,2146
1700037H04Rik,2147
1700040p09rik,2148
1700041b01rik,2149
1700048O20Rik,2150
1700066B19Rik,2151
1700080f18rik,2152
1700096p03rik,2153
1700108j01rik,2154
1700122O11Rik,2155
1700122o11rik,2156
1700123O20Rik,2157
1810010h24rik,2158
1810032O08Rik,2159
1810041L15Rik,2160
2010003K11Rik,2161
2010003k11rik,2162
2010004m13rik,2163
2010107E04Rik,2164
2200002d01rik,2165
2310002L09Rik,2166
2310008n11rik,2167
2310011J03Rik,2168
2310030g06rik,2169
2410004B18Rik,2170
2410015M20Rik,2171
2600017c09rik,2172
2610318N02Rik,2173
2610524H06Rik,2174
2610528J11Rik,2175
2700081O15Rik,2176
2810006K23Rik,2177
2810429i04rik,2178
2900026a02rik,2179
2900052l18rik,2180
2900089d17rik,2181
3110002H16Rik,2182
3110062M04Rik,2183
3110082I17Rik,2184
3110082j24rik,2185
3425401B19Rik,2186
4430402I18Rik,2187
4732471j01rik,2188
4930405h06rik,2189
4930502e09rik,2190
4930505m18rik,2191
4930519g04rik,2192
4930542m03rik,2193
4930543e12rik,2194
4930543i03rik,2195
4930568e12rik,2196
4930573c15rik,2197
4930581f22rik,2198
4931406P16Rik,2199
4932413f04rik,2200
4932438H23Rik,2201
4933400f21rik,2202
4933404k08rik,2203
4933424g05rik,2204
4933428G20Rik,2205
4933431g14rik,2206
4933432k03rik,2207
4933433h22rik,2208
5330417C22Rik,2209
5830428m24rik,2210
6330415g19rik,2211
6430548M08Rik,2212
6430548m08rik,2213
6430571L13Rik,2214
6430573F11Rik,2215
6530409c15rik,2216
8430419k02rik,2217
8430430b14rik,2218
9030612E09Rik,2219
9130204k15rik,2220
9130409I23Rik,2221
9330171B17Rik,2222
9430015G10Rik,2223
9430024e24rik,2224
9530068E07Rik,2225
9530077C05Rik,2226
9630013d21rik,2227
9930012k11rik,2228
9930014a18rik,2229
A130010J15Rik,2230
A430005L14Rik,2231
A430105I19Rik,2232
A530016L24Rik,2233
A630091E08Rik,2234
A930011G23Rik,2235
A930033H14Rik,2236
AI429214,2237
AI661453,2238
AK015956,2239
AK039686,2240
AK043032,2241
AK085995,2242
AK165889,2243
AK166773,2244
AK168184,2245
AU022252,2246
Aacs,2247
Aar2,2248
Aars,2249
Aars2,2250
Aarsd1,2251
Abca7,2252
Abcb8,2253
Abcb9,2254
Abcc6,2255
Abcf2,2256
Abhd15,2257
Abhd4,2258
Abi3,2259
Abl1,2260
Ablim1,2261
Ablim2,2262
Ablim3,2263
Abr,2264
Abracl,2265
Abraxas2,2266
Abtb1,2267
Acad11,2268
Acad12,2269
Acads,2270
Acap1,2271
Acap2,2272
Acap3,2273
Accs,2274
Acer2,2275
Acin1,2276
Ackr2,2277
Ackr4,2278
Acot11,2279
Acot3,2280
Acot4,2281
Acot5,2282
Acp2,2283
Acp5,2284
Acss2,2285
Actc1,2286
Acy3,2287
Acyp1,2288
Adam23,2289
Adamts14,2290
Adamtsl3,2291
Adamtsl4,2292
Adamtsl5,2293
Adcy3,2294
Adcy4,2295
Adcy5,2296
Adcy6,2297
Add3,2298
Adgra2,2299
Adgrb1,2300
Adgre5,2301
Adgrg1,2302
Adgrg3,2303
Adgrg6,2304
Adgrl1,2305
Adipor1,2306
Adk,2307
Adm,2308
Adora2a,2309
Adra2a,2310
Adrb1,2311
Adsl,2312
Adssl1,2313
Aes,2314
Afap1,2315
Afap1l1,2316
Afap1l2,2317
Afg1l,2318
Afmid,2319
Agap1,2320
Agbl2,2321
Agbl5,2322
Agmat,2323
Agtrap,2324
Agxt,2325
Ahdc1,2326
Ahnak2,2327
Aicda,2328
Aif1l,2329
Aifm2,2330
Ajap1,2331
Ajuba,2332
Ak1,2333
Akap11,2334
Akip1,2335
Aknad1,2336
Akr1b10,2337
Akr1b7,2338
Akt2,2339
Aldh16a1,2340
Aldh3a1,2341
Aldh3b2,2342
Aldh7a1,2343
Alg2,2344
Alkbh3,2345
Alkbh5,2346
Alox8,2347
Als2cl,2348
Alx3,2349
Amdhd1,2350
Amer2,2351
Amer3,2352
Amigo3,2353
Amn,2354
Ampd2,2355
Ampd3,2356
Amz2,2357
Anapc1,2358
Anapc13,2359
Anapc15,2360
Anapc5,2361
Angpt2,2362
Angptl2,2363
Angptl6,2364
Angptl7,2365
Angptl8,2366
Ank1,2367
Ank3,2368
Ankhd1,2369
Ankle1,2370
Ankmy1,2371
Ankrd12,2372
Ankrd13b,2373
Ankrd23,2374
Ankrd29,2375
Ankrd34a,2376
Ankrd39,2377
Ankrd9,2378
Anks1,2379
Ano10,2380
Anp32a,2381
Anp32b,2382
Anpep,2383
Anxa11,2384
Anxa2,2385
Anxa4,2386
Anxa8,2387
Anxa9,2388
Aoc3,2389
Ap1g2,2390
Ap1s3,2391
Ap3b1,2392
Ap3s2,2393
Ap5b1,2394
Ap5s1,2395
Apba1,2396
Apba2,2397
Apba3,2398
Apbb2,2399
Apc2,2400
Apeh,2401
Aph1b,2402
Api5,2403
Apoa2,2404
Apobec1,2405
Apobec2,2406
Apobec3,2407
Apoc1,2408
Apoc2,2409
Apoc4,2410
Apod,2411
Apoe,2412
Apom,2413
Aqp4,2414
Aqp5,2415
Arap1,2416
Arap3,2417
Arf2,2418
Arf3,2419
Arf6,2420
Arfgap2,2421
Arfgef2,2422
Arfip1,2423
Arhgap1,2424
Arhgap27,2425
Arhgap29,2426
Arhgap35,2427
Arhgap45,2428
Arhgap8,2429
Arhgap9,2430
Arhgdia,2431
Arhgef19,2432
Arhgef37,2433
Arhgef4,2434
Arid1b,2435
Arid3a,2436
Arid3b,2437
Arid3c,2438
Arid5a,2439
Arid5b,2440
Arl11,2441
Arl4c,2442
Arl4d,2443
Armc3,2444
Arnt,2445
Arntl,2446
Arpc3,2447
Arpc4,2448
Arrdc2,2449
Art1,2450
Art5,2451
Artn,2452
As3mt,2453
Asb10,2454
Asb6,2455
Asb7,2456
Ascc2,2457
Asf1b,2458
Asgr2,2459
Asic1,2460
Asphd1,2461
Asprv1,2462
Ass1-1,2463
Atad2,2464
Atat1,2465
Ate1,2466
Atf3,2467
Atf4,2468
Atg16l2,2469
Atg2b,2470
Atg4d,2471
Atg5,2472
Atoh8,2473
Atp13a2,2474
Atp13a3,2475
Atp1a3,2476
Atp1b2,2477
Atp2a2,2478
Atp2c2,2479
Atp4a,2480
Atp5d,2481
Atp5e,2482
Atp5g1,2483
Atp5g2,2484
Atp5k,2485
Atp6v0a1,2486
Atp6v0b,2487
Atp6v0e,2488
Atp6v0e2,2489
Atp6v1b2,2490
Atp6v1d,2491
Atp6v1f,2492
Atp7b,2493
Atp8a2,2494
Atp8b4,2495
Atp9a,2496
Atpaf2,2497
Atrnl1,2498
Atxn10,2499
Atxn7l2,2500
Aunip,2501
Aup1,2502
Aurkaip1,2503
Aurkb,2504
Aven,2505
Axin2,2506
Azin1,2507
B230118H07Rik,2508
B230217C12Rik,2509
B3gnt3,2510
B430306N03Rik,2511
B4galnt1,2512
B4galnt2,2513
B4galt2,2514
B9d1,2515
BC016579,2516
BC022687,2517
BC025446,2518
BC027072,2519
BC028528,2520
BC034090,2521
BC052040,2522
Bag3,2523
Bahcc1,2524
Banf1,2525
Barx1,2526
Batf,2527
Batf3,2528
Bbip1,2529
Bbs1,2530
Bcam,2531
Bcan,2532
Bcar3,2533
Bcat1,2534
Bckdk,2535
Bcl2,2536
Bcl2l11,2537
Bcl2l2,2538
Bcl6,2539
Bcl7a,2540
Bcl9l,2541
Becn1,2542
Bend3,2543
Bend7,2544
Bhlha9,2545
Bhlhe23,2546
Bicc1,2547
Bicd2,2548
Bicdl1,2549
Bicdl2,2550
Bicral,2551
Bik,2552
Bin2,2553
Birc7,2554
Blcap,2555
Blk,2556
Blmh,2557
Blvrb,2558
Bmf,2559
Bmp8b,2560
Bmpr1a,2561
Bms1,2562
Bnip1,2563
Borcs7,2564
Bpifb1,2565
Bpifb5,2566
Brat1,2567
Brf1,2568
Bri3,2569
Brpf3,2570
Bsn,2571
Bspry,2572
Bst2,2573
Btbd1,2574
Btbd10,2575
Btbd17,2576
Btbd6,2577
Btbd9,2578
Btg2,2579
Btg3,2580
Bub1,2581
Bub1b,2582
Bud23,2583
Bves,2584
Bzw1,2585
C130026L21Rik,2586
C130050O18Rik,2587
C1qtnf1,2588
C1qtnf12,2589
C2cd2l,2590
C2cd4c,2591
C5ar1,2592
C5ar2,2593
C77080,2594
Cabcoco1,2595
Cabp4,2596
Cacfd1,2597
Cacna1c,2598
Cacna1g,2599
Cacna1h,2600
Cacna1i,2601
Cacnb1,2602
Cacnb3,2603
Cacng4,2604
Cacng5,2605
Cactin,2606
Cad,2607
Cadm1,2608
Calcoco1,2609
Cald1,2610
Calhm2,2611
Calm3,2612
Calr,2613
Calu,2614
Caly,2615
Camk1,2616
Camk1g,2617
Camk2a,2618
Camkv,2619
Camp,2620
Camsap2,2621
Camsap3,2622
Camta1,2623
Cand2,2624
Cap1,2625
Capg,2626
Capn1,2627
Capza1,2628
Car11,2629
Car12,2630
Car14,2631
Car15,2632
Car5a,2633
Car9,2634
Card10,2635
Card19,2636
Card6,2637
Carmil3,2638
Casc1,2639
Caskin1,2640
Caskin2,2641
Casp7,2642
Casp8,2643
Casz1,2644
Catsper4,2645
Catsperd,2646
Cavin1,2647
Cavin3,2648
Cavin4,2649
Cbfa2t2,2650
Cbfa2t3,2651
Cbl,2652
Cblc,2653
Cbr2,2654
Cbx1,2655
Cbx6,2656
Cby1,2657
Cc2d1a,2658
Ccar1,2659
Ccar2,2660
Ccdc102a,2661
Ccdc105,2662
Ccdc107,2663
Ccdc112,2664
Ccdc12,2665
Ccdc126,2666
Ccdc13,2667
Ccdc134,2668
Ccdc136,2669
Ccdc141,2670
Ccdc158,2671
Ccdc167,2672
Ccdc186,2673
Ccdc24,2674
Ccdc28a,2675
Ccdc33,2676
Ccdc40,2677
Ccdc51,2678
Ccdc65,2679
Ccdc77,2680
Ccdc84,2681
Ccdc88c,2682
Ccdc92b,2683
Ccdc96,2684
Cck,2685
Ccl27a,2686
Ccm2l,2687
Ccnb2,2688
Ccnd1,2689
Ccnd3,2690
Ccne1,2691
Ccnf,2692
Ccni,2693
Ccnl2,2694
Ccr1,2695
Ccr2,2696
Ccr3,2697
Ccr5,2698
Ccrl2,2699
Cd164,2700
Cd177,2701
Cd247,2702
Cd248,2703
Cd274,2704
Cd300lb,2705
Cd37,2706
Cd44,2707
Cd52,2708
Cd83,2709
Cdadc1,2710
Cdc25b,2711
Cdc26,2712
Cdc37,2713
Cdc37l1,2714
Cdc42,2715
Cdc42ep3,2716
Cdc42ep4,2717
Cdca3,2718
Cdca4,2719
Cdcp1,2720
Cdh15,2721
Cdh22,2722
Cdhr2,2723
Cdhr5,2724
Cdk17,2725
Cdk18,2726
Cdk2ap2,2727
Cdk5,2728
Cdk5r1,2729
Cdk5rap1,2730
Cdk5rap3,2731
Cdk9,2732
Cdkal1,2733
Cdkl3,2734
Cdkn1a,2735
Cdkn1c,2736
Cdkn2c,2737
Cdkn3,2738
Cdpf1,2739
Cdt1,2740
Ceacam15,2741
Cebpe,2742
Cela1,2743
Celf2,2744
Celf3,2745
Celf5,2746
Celsr1,2747
Cenpf,2748
Cenpm,2749
Cenpo,2750
Cenpx,2751
Cep112,2752
Cep128,2753
Cep131,2754
Cep152,2755
Cep170,2756
Cep295nl,2757
Cep63,2758
Cep85,2759
Cer1,2760
Cers2,2761
Cers4,2762
Cers5,2763
Cfap43,2764
Cfap52,2765
Cfap54,2766
Cfap74,2767
Cfb,2768
Cfi,2769
Cflar,2770
Chac2,2771
Chchd10,2772
Chchd6,2773
Chd5,2774
Chd7,2775
Chmp1a,2776
Chmp7,2777
Chrd,2778
Chrna4,2779
Chrna5,2780
Chrnb1,2781
Chst14,2782
Chst9,2783
Chtf18,2784
Ciapin1,2785
Cib1,2786
Cideb,2787
Cinp,2788
Cipc,2789
Cit,2790
Cited4,2791
Ckb,2792
Clasp1,2793
Clca1,2794
Clca2,2795
Clca3b,2796
Clcc1,2797
Clcf1,2798
Clcn2,2799
Clcn6,2800
Cldn13,2801
Cldn22,2802
Cldn3,2803
Cldn4,2804
Cldn7,2805
Clec16a,2806
Clec3b,2807
Clec4g,2808
Clic1,2809
Clic4,2810
Clic6,2811
Clint1,2812
Clip1,2813
Clip2,2814
Clip3,2815
Clip4,2816
Clk1,2817
Clk2,2818
Clk3,2819
Clmn,2820
Cln6,2821
Clspn,2822
Cluh,2823
Clybl,2824
Cmc2,2825
Cmtr1,2826
Cngb1,2827
Cnih1,2828
Cnksr1,2829
Cnn1,2830
Cnn2,2831
Cnnm1,2832
Cnnm4,2833
Cntfr,2834
Cntrl,2835
Cog1,2836
Col13a1,2837
Col17a1,2838
Col1a1,2839
Col26a1,2840
Col27a1,2841
Col5a1,2842
Col5a3,2843
Col7a1,2844
Col8a2,2845
Col9a3,2846
Commd7,2847
Cops9,2848
Copz2,2849
Coq8b,2850
Coq9,2851
Corin,2852
Coro1a,2853
Coro1b,2854
Coro2b,2855
Coro6,2856
Cotl1,2857
Cox10,2858
Cox14,2859
Cox4i1,2860
Cox4i2,2861
Cox5a,2862
Cox6a1,2863
Cox6a2,2864
Cpeb1,2865
Cplx2,2866
Cpne5,2867
Cpne6,2868
Cpne7,2869
Cpne8,2870
Cpped1,2871
Cpsf1,2872
Cpsf4l,2873
Cpz,2874
Cr1l,2875
Crabp1,2876
Crabp2,2877
Cracr2a,2878
Cramp1l,2879
Crat,2880
Crb1,2881
Creb3l1,2882
Creb3l3,2883
Creb3l4,2884
Creg1,2885
Crhr1,2886
Crip1,2887
Crip2,2888
Crispld2,2889
Crk,2890
Crlf1,2891
Crmp1,2892
Crocc,2893
Crocc2,2894
Crtac1,2895
Cryzl2,2896
Cse1l,2897
Csnk1a1,2898
Csnk1e,2899
Csnk1g1,2900
Cspg4,2901
Cspg5,2902
Csrnp2,2903
Csrp1,2904
Csrp2,2905
Cstad,2906
Ctbp1,2907
Ctbs,2908
Ctnna1,2909
Ctnnb1,2910
Ctnnbl1,2911
Ctr9,2912
Ctsk,2913
Ctsz,2914
Cttnbp2nl,2915
Ctu2,2916
Ctxn1,2917
Cux2,2918
Cwh43,2919
Cx3cl1,2920
Cxxc5,2921
Cyb5r1,2922
Cyb5r3,2923
Cyba,2924
Cyc1,2925
Cygb,2926
Cyp17a1,2927
Cyp1a1,2928
Cyp1a2,2929
Cyp21a1,2930
Cyp26a1,2931
Cyp2d10,2932
Cyp2d22,2933
Cyp2d26,2934
Cyp2w1,2935
Cyp4f13,2936
Cyp4f15,2937
Cyp8b1,2938
Cyth1,2939
Cyth2,2940
D430019H16Rik,2941
D730001G18Rik,2942
D8Ertd738e,2943
D930020B18Rik,2944
D930048N14Rik,2945
Daam2,2946
Dag1,2947
Dand5,2948
Dapk2,2949
Dapl1,2950
Dazap2,2951
Dbil5,2952
Dbn1,2953
Dbndd1,2954
Dbp,2955
Dcaf1,2956
Dcaf15,2957
Dcaf6,2958
Dclk1,2959
Dclk2,2960
Dcp1b,2961
Dctn2,2962
Dctn3,2963
Dcxr,2964
Ddah2,2965
Ddb2,2966
Ddo,2967
Ddr1,2968
Ddx1,2969
Ddx24,2970
Ddx27,2971
Ddx39,2972
Ddx41,2973
Ddx50,2974
Ddx54,2975
Ddx55,2976
Def8,2977
Defb12,2978
Degs2,2979
Dennd4a,2980
Dgcr14,2981
Dgkh,2982
Dgkz,2983
Dglucy,2984
Dhcr24,2985
Dhh,2986
Dhrs11,2987
Dhrs13,2988
Dhrs2,2989
Dhrs4,2990
Dhtkd1,2991
Dhx16,2992
Dhx35,2993
Dhx57,2994
Dhx8,2995
Diablo,2996
Dio1,2997
Dip2a,2998
Dip2b,2999
Disc1,3000
Disp3,3001
Dkk3,3002
Dlc1,3003
Dleu7,3004
Dlg1,3005
Dlgap4,3006
Dlk1,3007
Dll3,3008
Dll4,3009
Dlst,3010
Dlx3,3011
Dmap1,3012
Dmc1,3013
Dmrt2,3014
Dmrtb1,3015
Dmtn,3016
Dnaaf1,3017
Dnaaf5,3018
Dnah6,3019
Dnah8,3020
Dnaic1,3021
Dnaja1,3022
Dnajb4,3023
Dnajb6,3024
Dnajc1,3025
Dnajc22,3026
Dnajc27,3027
Dnajc28,3028
Dnajc30,3029
Dnal1,3030
Dnase2a,3031
Dnase2b,3032
Dnd1,3033
Dnm1,3034
Dnmt1,3035
Dnmt3a,3036
Dnmt3b,3037
Dnph1,3038
Doc2b,3039
Doc2g,3040
Dock3,3041
Dohh,3042
Dok4,3043
Dot1l,3044
Dpcr1,3045
Dpep1,3046
Dpep2,3047
Dpp3,3048
Dpp8,3049
Dpysl4,3050
Dqx1,3051
Drc3,3052
Drg2,3053
Dscaml1,3054
Dstyk,3055
Dtnbp1,3056
Dupd1,3057
Dus1l,3058
Dusp15,3059
Dusp18,3060
Dusp3,3061
Dut,3062
Dynll1,3063
Dynll2,3064
Dynlrb2,3065
Dynlt1a,3066
Dynlt1b,3067
Dzip1,3068
E030025P04Rik,3069
E2f1,3070
E2f6,3071
Ebf3,3072
Ebpl,3073
Ece1,3074
Ecm1,3075
Ecm2,3076
Ecscr,3077
Ecsit,3078
Edc4,3079
Edn1,3080
Edn3,3081
Ednra,3082
Eef1a2,3083
Efl1,3084
Efna2,3085
Efnb3,3086
Egfl7,3087
Egln1,3088
Ehd2,3089
Eid1,3090
Eid2b,3091
Eif1a,3092
Eif1ad,3093
Eif1b,3094
Eif2ak2,3095
Eif3d,3096
Eif3g,3097
Eif3h,3098
Eif4a3,3099
Eif4e3,3100
Eif4ebp1,3101
Eif4g3,3102
Eif4h,3103
Eif5,3104
Eif5a,3105
Elac2,3106
Elf2,3107
Elf3,3108
Elfn2,3109
Elk4,3110
Ell,3111
Elmo2,3112
Elmsan1,3113
Eln,3114
Elovl1,3115
Elp4,3116
Emc2,3117
Emc8,3118
Eme1,3119
Emid1,3120
Emilin1,3121
Emilin2,3122
Emilin3,3123
Eml1,3124
Eml2,3125
Eml5,3126
Emsy,3127
Enc1,3128
Eng,3129
Engase,3130
Enho,3131
Enkd1,3132
Eno1,3133
Eno3,3134
Enpp6,3135
Enpp7,3136
Ensa,3137
Entpd3,3138
Entpd4b,3139
Eogt,3140
Epas1,3141
Epb41l1,3142
Epb42,3143
Epha2,3144
Epha8,3145
Ephb1,3146
Ephb2,3147
Ephb3,3148
Ephx1,3149
Ephx2,3150
Epn2,3151
Epn3,3152
Epor,3153
Eps8l2,3154
Eps8l3,3155
Erbb2,3156
Ercc6,3157
Ercc6l2,3158
Erf,3159
Erfe,3160
Ergic1,3161
Erlec1,3162
Erlin2,3163
Esco2,3164
Espn,3165
Esr2,3166
Esrrb,3167
Etfrf1,3168
Etnk1,3169
Etv4,3170
Etv5,3171
Eva1a,3172
Eva1c,3173
Evi2b,3174
Evx1,3175
Exoc3l2,3176
Exoc3l4,3177
Exoc4,3178
Exoc6,3179
Exosc2,3180
Exosc3,3181
Exosc7,3182
Ext2,3183
Extl1,3184
Eya2,3185
Eya3,3186
F11r,3187
F12,3188
F2,3189
F2rl1,3190
F2rl2,3191
Fabp2,3192
Fadd,3193
Fads2,3194
Fads3,3195
Fahd1,3196
Faim2,3197
Fam102a,3198
Fam109b,3199
Fam114a1,3200
Fam117a,3201
Fam120a,3202
Fam120b,3203
Fam126b,3204
Fam131c,3205
Fam13c,3206
Fam149a,3207
Fam151a,3208
Fam160b1,3209
Fam169a,3210
Fam171b,3211
Fam178b,3212
Fam189a2,3213
Fam189b,3214
Fam192a,3215
Fam193b,3216
Fam198a,3217
Fam19a3,3218
Fam19a5,3219
Fam212a,3220
Fam214a,3221
Fam214b,3222
Fam216a,3223
Fam219a,3224
Fam219b,3225
Fam221b,3226
Fam222b,3227
Fam234a,3228
Fam35a,3229
Fam43a,3230
Fam46b,3231
Fam53a,3232
Fam53b,3233
Fam53c,3234
Fam57b,3235
Fam69b,3236
Fam76a,3237
Fam78a,3238
Fam83e,3239
Fam83f,3240
Fam83g,3241
Fam92b,3242
Fam96a,3243
Fanca,3244
Fancc,3245
Farp1,3246
Farp2,3247
Fastk,3248
Fbl,3249
Fblim1,3250
Fbln1,3251
Fbln7,3252
Fbn1,3253
Fbxl14,3254
Fbxl16,3255
Fbxl17,3256
Fbxl20,3257
Fbxl22,3258
Fbxo10,3259
Fbxo32,3260
Fbxo4,3261
Fbxo42,3262
Fbxo44,3263
Fbxo47,3264
Fbxo5,3265
Fbxw10,3266
Fbxw11,3267
Fbxw7,3268
Fbxw8,3269
Fcgbp,3270
Fcgr1,3271
Fcho1,3272
Fchsd2,3273
Fem1a,3274
Fem1b,3275
Fen1,3276
Fer,3277
Fermt1,3278
Fermt3,3279
Fes,3280
Fgd2,3281
Fgd3,3282
Fgf15,3283
Fgf17,3284
Fgf4,3285
Fgf7,3286
Fgf8,3287
Fgf9,3288
Fgfr2,3289
Fgfr3,3290
Fgr,3291
Fhdc1,3292
Fhl4,3293
Fhod3,3294
Fignl1,3295
Fignl2,3296
Fjx1,3297
Fkbp10,3298
Fkbp11,3299
Fkbp6,3300
Fkbp7,3301
Fkrp,3302
Fktn,3303
Flnb,3304
Flnc,3305
Flot2,3306
Flrt1,3307
Flvcr2,3308
Fmnl3,3309
Fn3k,3310
Fndc1,3311
Fndc4,3312
Focad,3313
Folr1,3314
Fosl2,3315
Foxb1,3316
Foxc2,3317
Foxf1,3318
Foxl1,3319
Foxn1,3320
Foxn3,3321
Foxn4,3322
Foxp1,3323
Fpgs,3324
Frem1,3325
Frmd3,3326
Frmd8,3327
Frs3,3328
Fry,3329
Fsip1,3330
Fstl3,3331
Fstl4,3332
Ftcd,3333
Fth1,3334
Fubp1,3335
Fubp3,3336
Furin,3337
Fv1,3338
Fxyd2,3339
Fxyd6,3340
Fyco1,3341
Fyn,3342
Fzd2,3343
Fzd5,3344
Fzd9,3345
G0s2,3346
G3bp2,3347
G6pc,3348
Gaa,3349
Gabbr1,3350
Gabbr2,3351
Gabrd,3352
Gadd45b,3353
Gal3st3,3354
Galk1,3355
Galns,3356
Galnt12,3357
Gamt,3358
Gapdh,3359
Gapvd1,3360
Garem2,3361
Garnl3,3362
Gas2l1,3363
Gata4,3364
Gata5,3365
Gatad2a,3366
Gatb,3367
Gba2,3368
Gbx2,3369
Gcdh,3370
Gcfc2,3371
Gcgr,3372
Gcnt4,3373
Gdf10,3374
Gdf2,3375
Gdpd5,3376
Get4,3377
Gfod1,3378
Gfra1,3379
Ggact,3380
Ggcx,3381
Ggt1,3382
Ggt5,3383
Ggt7,3384
Ggta1,3385
Ghrh,3386
Gid4,3387
Gid8,3388
Gimap7,3389
Gins2,3390
Gip,3391
Gipc1,3392
Gipc2,3393
Gjc1,3394
Gldc,3395
Gli1,3396
Gli2,3397
Glipr2,3398
Glis1,3399
Glmp,3400
Glo1,3401
Glp1r,3402
Glt28d2,3403
Gltp,3404
Gltpd2,3405
Glul,3406
Gm11541,3407
Gm11627,3408
Gm13889,3409
Gm14325,3410
Gm14327,3411
Gm14548,3412
Gm20716,3413
Gm266,3414
Gm5089,3415
Gm572,3416
Gm826,3417
Gm8439,3418
Gml2,3419
Gmppb,3420
Gna15,3421
Gnai3,3422
Gnas,3423
Gnat2,3424
Gnb1,3425
Gne,3426
Gng5,3427
Gng7,3428
Gngt2,3429
Golga5,3430
Golga7b,3431
Golph3l,3432
Golt1b,3433
Got2,3434
Gp6,3435
Gpam,3436
Gpatch11,3437
Gpc1,3438
Gpd1,3439
Gper1,3440
Gpihbp1,3441
Gpn2,3442
Gpn3,3443
Gpr132,3444
Gpr146,3445
Gpr162,3446
Gpr176,3447
Gpr182,3448
Gpr3,3449
Gpr75,3450
Gprc5c,3451
Gprin1,3452
Gps2,3453
Gpsm1,3454
Gpsm2,3455
Gpsm3,3456
Gpx1,3457
Gpx4,3458
Gpx7,3459
Gpx8,3460
Gramd3,3461
Gramd4,3462
Grap2,3463
Grb7,3464
Grhl2,3465
Grhl3,3466
Grhpr,3467
Grifin,3468
Grik5,3469
Grina,3470
Grip2,3471
Grm2,3472
Grn,3473
Grp,3474
Grpel1,3475
Gsdma2,3476
Gse1,3477
Gsn,3478
Gspt1,3479
Gss,3480
Gstm2,3481
Gstm3,3482
Gstp1,3483
Gstp2,3484
Gstp3,3485
Gstt2,3486
Gstt3,3487
Gstz1,3488
Gsx1,3489
Gtf2h3,3490
Gtf2i,3491
Gtf2ird1,3492
Gtf3c2,3493
Gtse1,3494
Guca1a,3495
Guca1b,3496
Gulo,3497
Gxylt2,3498
Gys1,3499
H2-Ab1,3500
H2-K1,3501
H2-Q10,3502
H2afy2,3503
Habp2,3504
Hacd3,3505
Hace1,3506
Hadha,3507
Hadhb,3508
Hao2,3509
Hapln2,3510
Haus3,3511
Haus4,3512
Haus8,3513
Hba-a2,3514
Hba-x,3515
Hbegf,3516
Hc,3517
Hcar1,3518
Hdac1,3519
Hdac5,3520
Hdgf,3521
Hdhd3,3522
Heca,3523
Hectd4,3524
Helz2,3525
Hemgn,3526
Herc1,3527
Herpud1,3528
Hes1,3529
Hes3,3530
Hes5,3531
Hey1,3532
Hey2,3533
Heyl,3534
Hgh1,3535
Hgs,3536
Hhatl,3537
Hibadh,3538
Hic1,3539
Hif3a,3540
Higd1a,3541
Hils1,3542
Hint2,3543
Hip1r,3544
Hist1h1d,3545
Hist1h2ad,3546
Hist1h2bh,3547
Hist1h2bp,3548
Hist1h3g,3549
Hist1h3i,3550
Hist2h2ac,3551
Hist2h2bb,3552
Hist2h2be,3553
Hist2h3b,3554
Hivep1,3555
Hk1,3556
Hk2,3557
Hmg20b,3558
Hmga1,3559
Hmga2,3560
Hmgcr,3561
Hmgn2,3562
Hnf1a,3563
Hnrnpa3,3564
Hnrnpr,3565
Homer2,3566
Hopx,3567
Hormad2,3568
Hoxa10,3569
Hoxa11,3570
Hoxb9,3571
Hoxc4,3572
Hoxc5,3573
Hoxc6,3574
Hoxc8,3575
Hpcal4,3576
Hps6,3577
Hr,3578
Hrc,3579
Hrct1,3580
Hrh1,3581
Hrh3,3582
Hrk,3583
Hs1bp3,3584
Hs2st1,3585
Hs3st3a1,3586
Hs3st3b1,3587
Hs3st6,3588
Hscb,3589
Hsd11b1,3590
Hsd17b12,3591
Hsd3b1,3592
Hsd3b4,3593
Hsd3b7,3594
Hsdl1,3595
Hspa12a,3596
Hspa12b,3597
Hspa4l,3598
Hspa5,3599
Hspa9,3600
Hspb1,3601
Hspb11,3602
Hspb6,3603
Hspb7,3604
Hspb8,3605
Hspg2,3606
Htra3,3607
Hunk,3608
Hvcn1,3609
Hyou1,3610
Icam1,3611
Icam4,3612
Icam5,3613
Ice2,3614
Id1,3615
Id3,3616
Idh2,3617
Idh3b,3618
Ier3,3619
Ifi27,3620
Ifi30,3621
Ifi35,3622
Ifnar1,3623
Ifnar2,3624
Ifngr2,3625
Ifrd2,3626
Ift140,3627
Ift20,3628
Ift22,3629
Ift27,3630
Ift43,3631
Igdcc3,3632
Igf2,3633
Igfals,3634
Igfbp6,3635
Igsf21,3636
Igsf23,3637
Iigp1,3638
Il10rb,3639
Il11ra1,3640
Il17b,3641
Il17ra,3642
Il18bp,3643
Il1b,3644
Il27ra,3645
Il33,3646
Il34,3647
Ilf2,3648
Ilk,3649
Ilkap,3650
Impdh1,3651
Ina,3652
Inf2,3653
Ing5,3654
Inhbc,3655
Inpp5a,3656
Inpp5f,3657
Inpp5j,3658
Inppl1,3659
Insl6,3660
Insm1,3661
Ints1,3662
Ints10,3663
Ints2,3664
Ipo13,3665
Ippk,3666
Iqce,3667
Iqgap1,3668
Iqgap2,3669
Iqgap3,3670
Iqsec1,3671
Ireb2,3672
Irf2bp2,3673
Irf2bpl,3674
Irf5,3675
Irf8,3676
Irgq,3677
Irx3,3678
Irx5,3679
Isg15,3680
Isg20l2,3681
Islr,3682
Islr2,3683
Isoc2a,3684
Itga11,3685
Itga3,3686
Itgal,3687
Itgb5,3688
Itgb6,3689
Itih1,3690
Itih3,3691
Itih4,3692
Itpk1,3693
Itpka,3694
Itpkb,3695
Itsn2,3696
Ivd,3697
Jag2,3698
Jak2,3699
Jak3,3700
Jakmip3,3701
Jarid2,3702
Jazf1,3703
Jmjd6,3704
Jph3,3705
Jph4,3706
Jpt2,3707
Jsrp1,3708
Jtb,3709
Kank1,3710
Kank2,3711
Kansl3,3712
Kat6b,3713
Kat7,3714
Kat8,3715
Katnb1,3716
Kbtbd11,3717
Kbtbd12,3718
Kcnab2,3719
Kcnb1,3720
Kcnc1,3721
Kcne4,3722
Kcng4,3723
Kcnh2,3724
Kcnh4,3725
Kcnj12,3726
Kcnj14,3727
Kcnk3,3728
Kcnn4,3729
Kcnq2,3730
Kctd13,3731
Kctd15,3732
Kctd17,3733
Kdelr3,3734
Kdf1,3735
Kdm1a,3736
Kdm1b,3737
Kdm5a,3738
Kdm5b,3739
Kdsr,3740
Khk,3741
Kif12,3742
Kif14,3743
Kif15,3744
Kif17,3745
Kif1b,3746
Kif20a,3747
Kif21a,3748
Kif21b,3749
Kif3b,3750
Kif3c,3751
Kifc3,3752
Kiss1r,3753
Klc1,3754
Klc2,3755
Klf10,3756
Klf2,3757
Klf3,3758
Klf7,3759
Klf9,3760
Klhdc1,3761
Klhdc10,3762
Klhdc2,3763
Klhdc3,3764
Klhdc4,3765
Klhl22,3766
Klhl29,3767
Klhl30,3768
Klhl35,3769
Klhl38,3770
Klhl40,3771
Klhl6,3772
Klhl7,3773
Klhl9,3774
Kmt5a,3775
Kntc1,3776
Kpnb1,3777
Kptn,3778
Kras,3779
Kremen1,3780
Krt18,3781
Krt7,3782
Krt8,3783
Krtcap3,3784
Ksr2,3785
Ktn1,3786
Kxd1,3787
Ky,3788
L2hgdh,3789
L3mbtl1,3790
Lacc1,3791
Lad1,3792
Lama3,3793
Lamb3,3794
Lamc3,3795
Lamp3,3796
Lamtor1,3797
Lao1,3798
Laptm4a,3799
Larp1b,3800
Larp4,3801
Lat,3802
Lat2,3803
Lbhd2,3804
Lbx2,3805
Lcat,3806
Lcn2,3807
Ldhb,3808
Ldhd,3809
Ldlrad3,3810
Ldlrap1,3811
Lefty1,3812
Lemd1,3813
Letmd1,3814
Lexm,3815
Lfng,3816
Lgals3bp,3817
Lgals9,3818
Lhfpl2,3819
Lhx2,3820
Lhx9,3821
Lias,3822
Lif,3823
Lilra6,3824
Lima1,3825
Limch1,3826
Limd1,3827
Limd2,3828
Lime1,3829
Limk2,3830
Lin28a,3831
Lin28b,3832
Lin7b,3833
Lingo3,3834
Lingo4,3835
Litaf,3836
Llgl2,3837
Lman2,3838
Lmf1,3839
Lmna,3840
Lmod1,3841
Lmtk3,3842
Lnx2,3843
Lonp1,3844
Loxl2,3845
Loxl4,3846
Lpar3,3847
Lpin2,3848
Lpin3,3849
Lpl,3850
Lpo,3851
Lpp,3852
Lrba,3853
Lrcol1,3854
Lrfn1,3855
Lrfn2,3856
Lrig1,3857
Lrmp,3858
Lrp5,3859
Lrrc15,3860
Lrrc18,3861
Lrrc20,3862
Lrrc29,3863
Lrrc42,3864
Lrrc43,3865
Lrrc46,3866
Lrrc59,3867
Lrrc61,3868
Lrrc8c,3869
Lrrc8d,3870
Lrrc8e,3871
Lrrc9,3872
Lrrfip1,3873
Lrrn2,3874
Lrtm2,3875
Lsm12,3876
Lsm14b,3877
Lss,3878
Lta4h,3879
Ltbp2,3880
Ltbr,3881
Ltf,3882
Luzp1,3883
Lvrn,3884
Ly6a,3885
Ly6c2,3886
Ly6f,3887
Ly6g5c,3888
Ly6h,3889
Lynx1,3890
Lyrm9,3891
Lysmd1,3892
Lztfl1,3893
Lztr1,3894
M1ap,3895
Mab21l2,3896
Macrod1,3897
Mad1l1,3898
Mad2l2,3899
Madcam1,3900
Mael,3901
Maf,3902
Mafb,3903
Maff,3904
Mafk,3905
Magi3,3906
Maml3,3907
Manbal,3908
Map10,3909
Map2k1,3910
Map2k2,3911
Map2k3,3912
Map2k6,3913
Map3k1,3914
Map3k11,3915
Map3k20,3916
Map4,3917
Map6,3918
Map7d1,3919
Mapk7,3920
Mapk8,3921
Mapk8ip3,3922
Mapkapk2,3923
Mapkapk3,3924
Mapre1,3925
March9,3926
Mars,3927
Marveld3,3928
Mavs,3929
Mbd3,3930
Mbtps1,3931
Mcam,3932
Mcee,3933
Mcfd2,3934
Mcm10,3935
Mcoln2,3936
Mcrip2,3937
Mcrs1,3938
Mcur1,3939
Mdfi,3940
Mdga1,3941
Mdh2,3942
Mdm1,3943
Med13l,3944
Med21,3945
Med9,3946
Mef2d,3947
Mefv,3948
Meioc,3949
Meis1,3950
Meis2,3951
Meis3,3952
Meox1,3953
Mertk,3954
Mest,3955
Methig1,3956
Mettl1,3957
Mettl14,3958
Mettl23,3959
Mettl24,3960
Mettl26,3961
Mettl27,3962
Mettl7a3,3963
Mettl9,3964
Mex3a,3965
Mex3b,3966
Mex3d,3967
Mfap2,3968
Mfap4,3969
Mfn2,3970
Mfng,3971
Mfsd12,3972
Mfsd2a,3973
Mfsd2b,3974
Mfsd4a,3975
Mfsd6l,3976
Mfsd8,3977
Mgarp,3978
Mgat3,3979
Mgat5b,3980
Mgea5,3981
Mgll,3982
Mgmt,3983
Mgst2,3984
Mib2,3985
Mical1,3986
Mical2,3987
Micalcl,3988
Micall2,3989
Micu2,3990
Midn,3991
Mief2,3992
Mif4gd,3993
Mipep,3994
Mkln1,3995
Mknk2,3996
Mkrn2,3997
Mlana,3998
Mlec,3999
Mlkl,4000
Mllt11,4001
Mllt3,4002
Mlph,4003
Mlx,4004
Mlxip,4005
Mlxipl,4006
Mlycd,4007
Mmd,4008
Mmel1,4009
Mmp14,4010
Mmp2,4011
Mmp23,4012
Mmrn2,4013
Mn1,4014
Moap1,4015
Mocs1,4016
Mog,4017
Mogat2,4018
Mon1a,4019
Morc2a,4020
Mov10,4021
Mpc1,4022
Mpc2,4023
Mpdz,4024
Mpg,4025
Mphosph9,4026
Mpi,4027
Mpig6b,4028
Mpl,4029
Mpo,4030
Mpp2,4031
Mpp3,4032
Mpped1,4033
Mpv17l2,4034
Mpzl1,4035
Mr1,4036
Mrfap1,4037
Mrgbp,4038
Mrm2,4039
Mrm3,4040
Mroh7,4041
Mrpl10,4042
Mrpl14,4043
Mrpl2,4044
Mrpl28,4045
Mrpl33,4046
Mrpl38,4047
Mrpl4,4048
Mrpl42,4049
Mrpl45,4050
Mrpl52,4051
Mrpl53,4052
Mrpl54,4053
Mrps18a,4054
Mrps18b,4055
Mrps21,4056
Mrps23,4057
Mrps25,4058
Mrps28,4059
Mrps31,4060
Mrps35,4061
Mrps7,4062
Mrvi1,4063
Msi1,4064
Msln,4065
Msra,4066
Msrb2,4067
Msrb3,4068
Mst1r,4069
Msto1,4070
Msx3,4071
Mta1,4072
Mtcl1,4073
Mtfp1,4074
Mtfr1l,4075
Mtg2,4076
Mthfd2,4077
Mtmr3,4078
Mtmr4,4079
Mtmr6,4080
Mtmr9,4081
Mtrf1,4082
Mtus2,4083
Mug1,4084
Mxra7,4085
Mxra8,4086
Myadm,4087
Mybl2,4088
Mybpc3,4089
Mybphl,4090
Mycbpap,4091
Mycl,4092
Mycn,4093
Myct1,4094
Myh6,4095
Myh7,4096
Myh7b,4097
Myl2,4098
Myl3,4099
Myl7,4100
Mymx,4101
Myo10,4102
Myo18a,4103
Myo19,4104
Myo1e,4105
Myom1,4106
Myrf,4107
Myrip,4108
Myt1,4109
Mzb1,4110
N4bp3,4111
Naa38,4112
Naa40,4113
Nab2,4114
Nadk,4115
Nadsyn1,4116
Naga,4117
Naglu,4118
Nanp,4119
Nans,4120
Napa,4121
Nav1,4122
Naxe,4123
Nbea,4124
Ncbp1,4125
Ncbp2,4126
Ncf4,4127
Ncl,4128
Ncoa3,4129
Ncoa5,4130
Ndc1,4131
Ndrg4,4132
Ndufa2,4133
Ndufa4l2,4134
Ndufa6,4135
Ndufaf1,4136
Ndufc1,4137
Ndufs1,4138
Ndufs3,4139
Ndufs5,4140
Ndufs7,4141
Ndufs8,4142
Ndufv1,4143
Ndufv2,4144
Necab3,4145
Necap2,4146
Neil2,4147
Nek2,4148
Nek5,4149
Nek6,4150
Nek7,4151
Nek8,4152
Nelfe,4153
Neu1,4154
Neu3,4155
Neurl1a,4156
Neurl1b,4157
Neurl3,4158
Neurl4,4159
Neurod2,4160
Nexn,4161
Nfam1,4162
Nfasc,4163
Nfatc2,4164
Nfe2l1,4165
Nfe2l2,4166
Nfe2l3,4167
Nfib,4168
Nfic,4169
Nfil3,4170
Nfix,4171
Nfs1,4172
Nfu1,4173
Nfxl1,4174
Nfya,4175
Ngdn,4176
Ngfr,4177
Nhlrc2,4178
Nhp2,4179
Nicn1,4180
Nif3l1,4181
Ninj1,4182
Ninl,4183
Nipal1,4184
Nktr,4185
Nkx2-2,4186
Nkx2-5,4187
Nlgn2,4188
Nlk,4189
Nlrc3,4190
Nme1,4191
Nme2,4192
Nme6,4193
Nmnat1,4194
Nmt1,4195
Nnat,4196
Nnmt,4197
Noc2l,4198
Noct,4199
Nol11,4200
Nol4l,4201
Nop56,4202
Nos2,4203
Nos3,4204
Notch1,4205
Notch2,4206
Noto,4207
Npb,4208
Npepl1,4209
Npepps,4210
Nphp1,4211
Nphp3,4212
Nphp4,4213
Nploc4,4214
Npm3,4215
Nppb,4216
Nppc,4217
Npr1,4218
Npr2,4219
Nptx1,4220
Npy4r,4221
Nr0b2,4222
Nr1h3,4223
Nr2e1,4224
Nrap,4225
Nrl,4226
Nrsn2,4227
Nrtn,4228
Nsd2,4229
Nsf,4230
Nsl1,4231
Nt5c1a,4232
Nt5m,4233
Ntf5,4234
Nthl1,4235
Ntmt1,4236
Ntn4,4237
Ntpcr,4238
Nuak2,4239
Nudt1,4240
Nudt14,4241
Nudt4,4242
Nudt8,4243
Numb,4244
Numbl,4245
Nup160,4246
Nup214,4247
Nup85,4248
Nutf2,4249
Nxn,4250
Nxph4,4251
Oaz1,4252
Ogn,4253
Olfm1,4254
Olfml2a,4255
Olfml3,4256
Omg,4257
Onecut3,4258
Oprk1,4259
Oprl1,4260
Orai3,4261
Orc2,4262
Ormdl3,4263
Osbp2,4264
Osbpl10,4265
Osbpl11,4266
Osgin1,4267
Ost4,4268
Ostm1,4269
Otp,4270
Otub1,4271
Otud7a,4272
Otud7b,4273
Otx2,4274
Ovol1,4275
Oxa1l,4276
Oxct1,4277
Oxld1,4278
P2rx2,4279
P2rx4,4280
P2ry2,4281
P3h4,4282
P4hb,4283
Pacrg,4284
Pacsin1,4285
Pacsin2,4286
Pacsin3,4287
Padi4,4288
Pafah1b1,4289
Pafah1b3,4290
Pafah2,4291
Pak6,4292
Pald1,4293
Palm,4294
Panx3,4295
Paox,4296
Papln,4297
Paqr7,4298
Parm1,4299
Parp10,4300
Parp11,4301
Parp14,4302
Parp16,4303
Parp4,4304
Pars2,4305
Parva,4306
Parvb,4307
Parvg,4308
Patz1,4309
Pawr,4310
Pax6,4311
Paxbp1,4312
Pbx1,4313
Pbx3,4314
Pcbd1,4315
Pcca,4316
Pcdhb11,4317
Pcdhgb1,4318
Pcdhgb2,4319
Pck1,4320
Pck2,4321
Pclaf,4322
Pcna,4323
Pcp4l1,4324
Pcsk4,4325
Pcyt1a,4326
Pde10a,4327
Pde1b,4328
Pde2a,4329
Pde4dip,4330
Pde5a,4331
Pde6a,4332
Pdgfa,4333
Pdgfb,4334
Pdgfra,4335
Pdgfrb,4336
Pdhx,4337
Pdia2,4338
Pdia4,4339
Pdia5,4340
Pdia6,4341
Pdik1l,4342
Pdk2,4343
Pdpn,4344
Pdpr,4345
Pdss2,4346
Pdx1,4347
Pdxk,4348
Pdyn,4349
Pebp1,4350
Peli2,4351
Peli3,4352
Pemt,4353
Perm1,4354
Perp,4355
Pex11g,4356
Pfdn5,4357
Pfn1,4358
Pgam2,4359
Pgap2,4360
Pgap3,4361
Pgc,4362
Pgf,4363
Pggt1b,4364
Pglyrp2,4365
Pgp,4366
Pgrmc2,4367
Pgs1,4368
Phactr1,4369
Phactr3,4370
Phactr4,4371
Phb,4372
Phf20,4373
Phf21b,4374
Phf24,4375
Phgdh,4376
Phgr1,4377
Phlda2,4378
Phlda3,4379
Phldb3,4380
Phospho1,4381
Phtf1,4382
Phyhipl,4383
Phykpl,4384
Pianp,4385
Pidd1,4386
Piezo1,4387
Pif1,4388
Pigq,4389
Pik3ip1,4390
Pik3r1,4391
Pik3r2,4392
Pim1,4393
Pip4k2c,4394
Pip5kl1,4395
Pitpnc1,4396
Pitpnm1,4397
Pitpnm2,4398
Pja2,4399
Pkd2l1,4400
Pkdrej,4401
Pklr,4402
Pkn3,4403
Pla2g1b,4404
Pla2r1,4405
Plagl2,4406
Plb1,4407
Plbd2,4408
Plcb2,4409
Plcd3,4410
Plcg1,4411
Plch2,4412
Plcxd2,4413
Plek2,4414
Plekha1,4415
Plekha7,4416
Plekhf1,4417
Plekho1,4418
Plekho2,4419
Plekhs1,4420
Plin3,4421
Pllp,4422
Plod1,4423
Plpbp,4424
Plpp2,4425
Plpp7,4426
Plppr2,4427
Plppr3,4428
Plscr3,4429
Plvap,4430
Plxna1,4431
Pmepa1,4432
Pmf1,4433
Pmfbp1,4434
Pml,4435
Pmp22,4436
Pnliprp1,4437
Pnliprp2,4438
Pnmt,4439
Pnoc,4440
Pnp,4441
Pnp2,4442
Pnpla2,4443
Pnpla3,4444
Pnpo,4445
Poc1b,4446
Podxl,4447
Pola2,4448
Poldip2,4449
Poldip3,4450
Pole2,4451
Polg,4452
Polh,4453
Poln,4454
Polr1b,4455
Polr1d,4456
Polr1e,4457
Polr3k,4458
Pomgnt1,4459
Pomgnt2,4460
Pop4,4461
Pop5,4462
Pou2f1,4463
Pou4f2,4464
Pou6f1,4465
Ppan,4466
Ppara,4467
Ppargc1b,4468
Ppat,4469
Ppcdc,4470
Ppdpf,4471
Ppfia1,4472
Ppfia3,4473
Ppfia4,4474
Ppfibp1,4475
Ppic,4476
Ppif,4477
Ppm1g,4478
Ppm1h,4479
Ppm1j,4480
Ppm1n,4481
Ppox,4482
Ppp1ca,4483
Ppp1cb,4484
Ppp1r11,4485
Ppp1r12a,4486
Ppp1r13b,4487
Ppp1r14a,4488
Ppp1r18,4489
Ppp1r1a,4490
Ppp1r1b,4491
Ppp1r2,4492
Ppp1r3e,4493
Ppp1r8,4494
Ppp1r9b,4495
Ppp2ca,4496
Ppp2r3a,4497
Ppp2r5a,4498
Ppp4r1,4499
Ppp4r2,4500
Ppt2,4501
Pptc7,4502
Pqlc3,4503
Prag1,4504
Prc1,4505
Prdm1,4506
Prdm11,4507
Prdm2,4508
Prdm6,4509
Prdx1,4510
Prelid1,4511
Prelid3b,4512
Prep,4513
Prex1,4514
Prim1,4515
Prkab1,4516
Prkaca,4517
Prkacb,4518
Prkag1,4519
Prkag3,4520
Prkar1a,4521
Prkca,4522
Prkcd,4523
Prkce,4524
Prkcsh,4525
Prkd2,4526
Prkd3,4527
Prm1,4528
Prmt2,4529
Prmt5,4530
Prmt8,4531
Prnd,4532
Prnp,4533
Prob1,4534
Prodh,4535
Prodh2,4536
Prok2,4537
Proser2,4538
Prpf38b,4539
Prpf40b,4540
Prph,4541
Prpsap1,4542
Prr12,4543
Prr15l,4544
Prr18,4545
Prr19,4546
Prr22,4547
Prr5l,4548
Prr7,4549
Prrc1,4550
Prrt1,4551
Prrt4,4552
Prrxl1,4553
Prss8,4554
Prtn3,4555
Psapl1,4556
Psca,4557
Psen2,4558
Psma7,4559
Psmb10,4560
Psmc1,4561
Psmd12,4562
Psmd5,4563
Psmd9,4564
Pspc1,4565
Ptar1,4566
Ptbp1,4567
Pter,4568
Ptges3l,4569
Ptgfrn,4570
Ptgir,4571
Ptgis,4572
Ptgr2,4573
Pth1r,4574
Ptk2b,4575
Ptk7,4576
Ptpdc1,4577
Ptpn11,4578
Ptpn14,4579
Ptpn18,4580
Ptpn21,4581
Ptprcap,4582
Ptprs,4583
Ptprz1,4584
Ptrhd1,4585
Pus1,4586
Pusl1,4587
Pwwp2b,4588
Pxmp4,4589
Pycard,4590
Pycr1,4591
Pycr2,4592
Pygl,4593
Pygo1,4594
Pzp,4595
Qk,4596
Qpct,4597
Qprt,4598
R3hcc1l,4599
Rab11fip1,4600
Rab11fip4,4601
Rab11fip5,4602
Rab12,4603
Rab17,4604
Rab22a,4605
Rab25,4606
Rab2a,4607
Rab2b,4608
Rab31,4609
Rab3a,4610
Rab6b,4611
Rab8b,4612
Rabac1,4613
Rabif,4614
Rabl6,4615
Rac2,4616
Rad23a,4617
Rad51b,4618
Rad54l,4619
Rad9a,4620
Raf1,4621
Ralbp1,4622
Ralgapa2,4623
Ralgds,4624
Ralgps1,4625
Ramp1,4626
Ramp2,4627
Ranbp6,4628
Rangrf,4629
Rap1gap,4630
Rarg,4631
Rasa4,4632
Rasal2,4633
Rasal3,4634
Rasd1,4635
Rasef,4636
Rasgef1b,4637
Rasl11a,4638
Rasl11b,4639
Rassf3,4640
Rassf7,4641
Rassf8,4642
Rbbp5,4643
Rbbp8nl,4644
Rbck1,4645
Rbfox3,4646
Rbks,4647
Rbm15b,4648
Rbm20,4649
Rbm44,4650
Rbm4b,4651
Rbm7,4652
Rbms1,4653
Rbp7,4654
Rbpms2,4655
Rce1,4656
Rcor1,4657
Rcor2,4658
Rcsd1,4659
Rd3,4660
Rd3l,4661
Rdh1,4662
Rdh12,4663
Rdh7,4664
Rdm1,4665
Reck,4666
Recql5,4667
Reep2,4668
Reep6,4669
Rem1,4670
Rem2,4671
Rest,4672
Ret,4673
Retreg1,4674
Retsat,4675
Rev3l,4676
Rfc1,4677
Rflnb,4678
Rfwd3,4679
Rfx2,4680
Rfx3,4681
Rfx4,4682
Rgma,4683
Rgmb,4684
Rgs16,4685
Rgs20,4686
Rgs3,4687
Rhbdd2,4688
Rhbdd3,4689
Rhbdf1,4690
Rhbdf2,4691
Rhbg,4692
Rhd,4693
Rhebl1,4694
Rhobtb1,4695
Rhobtb2,4696
Rhoc,4697
Rhod,4698
Rhog,4699
Rhoq,4700
Ric1,4701
Ric8a,4702
Ric8b,4703
Rilpl1,4704
Rilpl2,4705
Rimklb,4706
Rims2,4707
Rims3,4708
Rin1,4709
Rin2,4710
Ripk3,4711
Ripor1,4712
Ripor3,4713
Rita1,4714
Rlbp1,4715
Rln1,4716
Rmi2,4717
Rmnd5b,4718
Rnase10,4719
Rnaseh2b,4720
Rnaseh2c,4721
Rnasek,4722
Rnaset2b,4723
Rnd1,4724
Rnd2,4725
Rnf11,4726
Rnf114,4727
Rnf121,4728
Rnf14,4729
Rnf144b,4730
Rnf145,4731
Rnf166,4732
Rnf169,4733
Rnf17,4734
Rnf182,4735
Rnf185,4736
Rnf207,4737
Rnf213,4738
Rnf24,4739
Rnf26,4740
Rnf38,4741
Rnf40,4742
Rnf43,4743
Rnf8,4744
Rnft2,4745
Rnh1,4746
Robo3,4747
Rock2,4748
Rora,4749
Rorb,4750
Rpa2,4751
Rpf1,4752
Rpgrip1,4753
Rpgrip1l,4754
Rph3al,4755
Rpl11,4756
Rpl14,4757
Rpl17,4758
Rpl23,4759
Rpl26-2,4760
Rpl27a,4761
Rpl36al,4762
Rpl8,4763
Rplp2,4764
Rps10,4765
Rps13,4766
Rps17,4767
Rps18,4768
Rps19bp1,4769
Rps2,4770
Rps27,4771
Rps27l,4772
Rps3a1,4773
Rps8,4774
Rpsa,4775
Rpusd1,4776
Rreb1,4777
Rrm2b,4778
Rsbn1,4779
Rsl1d1,4780
Rsph3a,4781
Rsph3b,4782
Rsu1,4783
Rtl6,4784
Rtn1,4785
Rtn2,4786
Rtn3,4787
Rtn4rl1,4788
Rtp3,4789
Rtp4,4790
Rundc3a,4791
Runx1,4792
Runx3,4793
Rusc2,4794
Rxra,4795
Ryk,4796
S100a1,4797
S1pr2,4798
S1pr4,4799
Sacm1l,4800
Sae1,4801
Sall2,4802
Sall4,4803
Samd10,4804
Samd11,4805
Samd14,4806
Samd15,4807
Samd8,4808
Samm50,4809
Sap18b,4810
Sap30bp,4811
Sarm1,4812
Sars,4813
Sbf2,4814
Sbk1,4815
Sbk2,4816
Sbno1,4817
Sbno2,4818
Scamp1,4819
Scamp2,4820
Scamp4,4821
Scamp5,4822
Scap,4823
Scarf2,4824
Scly,4825
Scml4,4826
Scn8a,4827
Scnm1,4828
Scrn2,4829
Scrn3,4830
Scrt2,4831
Scube1,4832
Scube2,4833
Scube3,4834
Scx,4835
Sdad1,4836
Sdc1,4837
Sdccag8,4838
Sdf2l1,4839
Sdf4,4840
Sdhb,4841
Sec14l1,4842
Sec14l2,4843
Sec14l4,4844
Sec22b,4845
Sec22c,4846
Sec24b,4847
Sec24d,4848
Secisbp2l,4849
Sectm1b,4850
Selenow,4851
Sema3b,4852
Sema4d,4853
Sema4f,4854
Sema5b,4855
Senp3,4856
Sephs2,4857
Sept1,4858
Sept11,4859
Sept2,4860
Sept3,4861
Sept9,4862
Serac1,4863
Serpinb5,4864
Serpind1,4865
Serpinf2,4866
Serpinh1,4867
Sertad1,4868
Sertad4,4869
Sertm1,4870
Sestd1,4871
Setd7,4872
Setx,4873
Sez6,4874
Sf3b2,4875
Sfn,4876
Sfr1,4877
Sfta2,4878
Sfxn1,4879
Sgca,4880
Sgcg,4881
Sgk2,4882
Sgk3,4883
Sgpl1,4884
Sgsh,4885
Sh2d3c,4886
Sh3d19,4887
Sh3glb1,4888
Sh3pxd2a,4889
Sh3pxd2b,4890
Sh3tc1,4891
Shbg,4892
Shc4,4893
She,4894
Shisa2,4895
Shisa4,4896
Shisa5,4897
Shmt1,4898
Shmt2,4899
Shoc2,4900
Shq1,4901
Shroom3,4902
Shtn1,4903
Sigirr,4904
Sil1,4905
Sin3a,4906
Sipa1,4907
Sipa1l2,4908
Sipa1l3,4909
Sirt3,4910
Sirt5,4911
Siva1,4912
Six3,4913
Skap1,4914
Skor1,4915
Slbp,4916
Slc10a7,4917
Slc11a1,4918
Slc11a2,4919
Slc12a4,4920
Slc12a5,4921
Slc12a8,4922
Slc13a2,4923
Slc16a3,4924
Slc16a6,4925
Slc16a9,4926
Slc17a9,4927
Slc1a1,4928
Slc1a2,4929
Slc1a5,4930
Slc20a1,4931
Slc20a2,4932
Slc23a1,4933
Slc24a1,4934
Slc25a10,4935
Slc25a15,4936
Slc25a19,4937
Slc25a22,4938
Slc25a35,4939
Slc25a36,4940
Slc25a39,4941
Slc25a42,4942
Slc25a44,4943
Slc25a45,4944
Slc25a51,4945
Slc26a1,4946
Slc26a10,4947
Slc26a11,4948
Slc29a1,4949
Slc29a2,4950
Slc2a1,4951
Slc2a10,4952
Slc2a4,4953
Slc2a8,4954
Slc30a5,4955
Slc31a2,4956
Slc35a4,4957
Slc35b1,4958
Slc35b2,4959
Slc35d2,4960
Slc35e2,4961
Slc35e4,4962
Slc35g1,4963
Slc36a4,4964
Slc37a1,4965
Slc37a4,4966
Slc38a10,4967
Slc39a1,4968
Slc39a11,4969
Slc39a13,4970
Slc39a4,4971
Slc44a5,4972
Slc45a3,4973
Slc47a1,4974
Slc5a4b,4975
Slc6a1,4976
Slc6a11,4977
Slc6a20a,4978
Slc6a6,4979
Slc6a9,4980
Slc7a5,4981
Slc7a7,4982
Slc7a8,4983
Slc8a2,4984
Slc9a1,4985
Slc9a8,4986
Slco1b2,4987
Slco1c1,4988
Slco2a1,4989
Slco2b1,4990
Slk,4991
Slurp1,4992
Slurp2,4993
Smad1,4994
Smad3,4995
Smad6,4996
Smad7,4997
Smagp,4998
Smarca2,4999
Smarca4,5000
Smarcb1,5001
Smarcd1,5002
Smarcd3,5003
Smdt1,5004
Smg6,5005
Smim24,5006
Smim3,5007
Smim5,5008
Smim6,5009
Smpd2,5010
Smpdl3b,5011
Smtn,5012
Smug1,5013
Snai3,5014
Snapc3,5015
Snapin,5016
Sncaip,5017
Sncb,5018
Snf8,5019
Snn,5020
Snrk,5021
Snrnp25,5022
Snrpb,5023
Snrpc,5024
Snrpd3,5025
Snta1,5026
Snx10,5027
Snx24,5028
Snx29,5029
Snx3,5030
Snx32,5031
Snx33,5032
Snx4,5033
Snx8,5034
Snx9,5035
Soat2,5036
Sobp,5037
Socs1,5038
Socs2,5039
Socs3,5040
Socs7,5041
Sorbs3,5042
Sorcs2,5043
Sox12,5044
Sox18,5045
Sox4,5046
Sox7,5047
Sox8,5048
Sp1,5049
Sp2,5050
Sp3,5051
Sp6,5052
Sp9,5053
Spa17,5054
Spaca4,5055
Spag6,5056
Spag7,5057
Spag8,5058
Spag9,5059
Spata1,5060
Spata13,5061
Spata2,5062
Spata24,5063
Spats1,5064
Spats2,5065
Spc24,5066
Spdya,5067
Spg20,5068
Spg21,5069
Spg7,5070
Spi1,5071
Spindoc,5072
Spink2,5073
Spint2,5074
Spire2,5075
Spon2,5076
Spr,5077
Spsb4,5078
Sptlc2,5079
Spx,5080
Sqle,5081
Src,5082
Srcin1,5083
Srd5a3,5084
Srebf2,5085
Srf,5086
Srgap1,5087
Srp68,5088
Srp72,5089
Srprb,5090
Srrm1,5091
Srrm4,5092
Srsf2,5093
Srsf3,5094
Srsf9,5095
Ss18l1,5096
Ss18l2,5097
Ssbp3,5098
Ssh2,5099
Ssh3,5100
Sspn,5101
St13,5102
St3gal4,5103
St5,5104
St6galnac2,5105
St6galnac4,5106
St7l,5107
St8sia1,5108
Stac2,5109
Stard10,5110
Stard3,5111
Stard5,5112
Stat3,5113
Stat5b,5114
Stat6,5115
Stbd1,5116
Stc2,5117
Stip1,5118
Stk11,5119
Stk35,5120
Stk36,5121
Stk38l,5122
Stmn1,5123
Stmn3,5124
Stn1,5125
Stom,5126
Stoml2,5127
Ston2,5128
Stox1,5129
Stox2,5130
Stra6,5131
Stra6l,5132
Strada,5133
Strip1,5134
Strip2,5135
Strn,5136
Strn4,5137
Stum,5138
Stx12,5139
Stx16,5140
Stx1a,5141
Stx1b,5142
Stx4a,5143
Stxbp2,5144
Stxbp3-1,5145
Styxl1,5146
Sulf2,5147
Sult4a1,5148
Sult5a1,5149
Sult6b1,5150
Sun1,5151
Supt4a,5152
Supv3l1,5153
Susd2,5154
Susd3,5155
Sv2a,5156
Swap70,5157
Swi5,5158
Syce2,5159
Syde2,5160
Syk,5161
Syn2,5162
Syne1,5163
Syne2,5164
Syngr1,5165
Syngr2,5166
Syngr3,5167
Synj2,5168
Synpo,5169
Synpo2,5170
Sypl2,5171
Syt11,5172
Syt13,5173
Syt6,5174
Syt8,5175
Tab1,5176
Tacc2,5177
Tacc3,5178
Taf11,5179
Taf13,5180
Taf1c,5181
Taf4,5182
Tagap,5183
Tagap1,5184
Tagln3,5185
Taldo1,5186
Tanc1,5187
Taok3,5188
Tatdn3,5189
Tbc1d10c,5190
Tbc1d14,5191
Tbc1d22b,5192
Tbc1d7,5193
Tbca,5194
Tbl2,5195
Tbx10,5196
Tbx2,5197
Tbx3,5198
Tbx4,5199
Tbxa2r,5200
Tcaim,5201
Tcap,5202
Tcea3,5203
Tcf20,5204
Tcf24,5205
Tcf25,5206
Tcf4,5207
Tcf7,5208
Tcf7l1,5209
Tcf7l2,5210
Tcirg1,5211
Tcn2,5212
Tcte2,5213
Tdrd1,5214
Tdrd7,5215
Tdrd9,5216
Tdrp,5217
Tead1,5218
Tead2,5219
Tead3,5220
Tead4,5221
Tecpr2,5222
Tedc1,5223
Ten1,5224
Tenm3,5225
Tesmin,5226
Tet1,5227
Tex21,5228
Tex35,5229
Tfap4,5230
Tfb1m,5231
Tfcp2l1,5232
Tfeb,5233
Tfrc,5234
Tgfb1i1,5235
Tgfb3,5236
Tgm1,5237
Tgm4,5238
Tgm6,5239
Tha1,5240
Thap12,5241
Thbs1,5242
Them5,5243
Themis2,5244
Thoc5,5245
Thsd1,5246
Tiam2,5247
Ticam2,5248
Ticrr,5249
Tie1,5250
Tigd4,5251
Timm10b,5252
Timm17a,5253
Timm22,5254
Timm29,5255
Timm44,5256
Timm50,5257
Timp2,5258
Timp4,5259
Tipin,5260
Tiprl,5261
Tjp1,5262
Tjp2,5263
Tk1,5264
Tlcd1,5265
Tlcd2,5266
Tldc1,5267
Tle3,5268
Tln1,5269
Tln2,5270
Tm6sf1,5271
Tm7sf3,5272
Tm9sf1,5273
Tmbim1,5274
Tmbim4,5275
Tmbim6,5276
Tmc3,5277
Tmc4,5278
Tmc6,5279
Tmcc2,5280
Tmco1,5281
Tmed2,5282
Tmed5,5283
Tmeff1,5284
Tmem102,5285
Tmem108,5286
Tmem11,5287
Tmem121,5288
Tmem129,5289
Tmem132b,5290
Tmem132c,5291
Tmem145,5292
Tmem150a,5293
Tmem154,5294
Tmem160,5295
Tmem161a,5296
Tmem173,5297
Tmem179,5298
Tmem184a,5299
Tmem184b,5300
Tmem199,5301
Tmem2,5302
Tmem200b,5303
Tmem204,5304
Tmem208,5305
Tmem222,5306
Tmem240,5307
Tmem241,5308
Tmem242,5309
Tmem251,5310
Tmem258,5311
Tmem260,5312
Tmem38a,5313
Tmem40,5314
Tmem44,5315
Tmem51,5316
Tmem53,5317
Tmem56,5318
Tmem57,5319
Tmem63c,5320
Tmem79,5321
Tmem8,5322
Tmem88,5323
Tmem88b,5324
Tmem8b,5325
Tmem94,5326
Tmem97,5327
Tmem9b,5328
Tmod1,5329
Tmod4,5330
Tmtc4,5331
Tnfaip1,5332
Tnfaip2,5333
Tnfaip3,5334
Tnfaip8,5335
Tnfaip8l2,5336
Tnfrsf10b,5337
Tnfrsf12a,5338
Tnfrsf13b,5339
Tnfrsf14,5340
Tnfrsf19,5341
Tnfrsf1a,5342
Tnfsfm13,5343
Tnk1,5344
Tnk2,5345
Tnni1,5346
Tnni3,5347
Tnnt1,5348
Tnnt3,5349
Tnrc6c,5350
Tns2,5351
Tob1,5352
Togaram2,5353
Tom1l2,5354
Tomm40,5355
Tomm6,5356
Top3a,5357
Topbp1,5358
Tox2,5359
Tpcn1,5360
Tpcn2,5361
Tpd52,5362
Tpd52l2,5363
Tpm1,5364
Tpm3,5365
Tpm4,5366
Tpp1,5367
Tpx2,5368
Traf1,5369
Traf3,5370
Traf3ip2,5371
Traf4,5372
Traf5,5373
Trafd1,5374
Trak1,5375
Trak2,5376
Trap1,5377
Trappc2l,5378
Trappc4,5379
Trappc6a,5380
Trem1,5381
Treml2,5382
Trex1,5383
Trf,5384
Triap1,5385
Trib2,5386
Trim13,5387
Trim14,5388
Trim16,5389
Trim2,5390
Trim29,5391
Trim46,5392
Trim47,5393
Trim62,5394
Trim63,5395
Trim9,5396
Trmt12,5397
Trmt61a,5398
Trmu,5399
Trnp1,5400
Trp53,5401
Trp53i11,5402
Trp53i13,5403
Trp53rka,5404
Trpc2,5405
Trpm3,5406
Trpm5,5407
Trpm6,5408
Trps1,5409
Trpv4,5410
Trub1,5411
Tsacc,5412
Tsc22d1,5413
Tsfm,5414
Tshz1,5415
Tshz3,5416
Tsn,5417
Tspan1,5418
Tspan17,5419
Tspan18,5420
Tspan9,5421
Tspo,5422
Tsr3,5423
Tssk4,5424
Tst,5425
Tstd2,5426
Ttbk1,5427
Ttc17,5428
Ttc22,5429
Ttc23,5430
Ttc30a1,5431
Ttc38,5432
Ttc4,5433
Ttc9b,5434
Ttf2,5435
Ttl,5436
Ttll1,5437
Ttll10,5438
Ttll12,5439
Ttll5,5440
Ttn,5441
Ttyh1,5442
Ttyh3,5443
Tuba1a,5444
Tuba1b,5445
Tuba1c,5446
Tuba3a,5447
Tubb1,5448
Tubb3,5449
Tubg2,5450
Tufm,5451
Tulp3,5452
Tusc5,5453
Twist2,5454
Twsg1,5455
Txlnb,5456
Txndc11,5457
Tyrp1,5458
U2af1l4,5459
Uba5,5460
Uba52,5461
Uba7,5462
Ubac2,5463
Ubap1l,5464
Ube2d1,5465
Ube2f,5466
Ube2i,5467
Ube2n,5468
Ube4b,5469
Ubiad1,5470
Ubqln4,5471
Ubtd2,5472
Ubtf,5473
Ubxn11,5474
Ubxn2a,5475
Ubxn6,5476
Uchl1,5477
Uck1,5478
Uck2,5479
Uhrf1,5480
Ulk4,5481
Unc119,5482
Unc119b,5483
Unc13d,5484
Unc5a,5485
Unc5b,5486
Uncx,5487
Upk2,5488
Upk3a,5489
Upk3b,5490
Upk3bl,5491
Uqcr10,5492
Uqcr11,5493
Urad,5494
Uri1,5495
Urod,5496
Ushbp1,5497
Usmg5,5498
Uso1,5499
Usp10,5500
Usp12,5501
Usp2,5502
Usp22,5503
Usp39,5504
Usp4,5505
Usp47,5506
Usp5,5507
Utp6,5508
Vamp2,5509
Vamp5,5510
Vapa,5511
Vars,5512
Vash1,5513
Vasn,5514
Vasp,5515
Vdac1,5516
Vdac3,5517
Vegfa,5518
Vgll4,5519
Vip,5520
Vipr1,5521
Vldlr,5522
Vps11,5523
Vps29,5524
Vps37b,5525
Vps37d,5526
Vps4b,5527
Vps53,5528
Vps9d1,5529
Vrtn,5530
Vsig10,5531
Vstm2a,5532
Vstm2l,5533
Vstm4,5534
Vtcn1,5535
Vti1a,5536
Vwa2,5537
Vwa8,5538
Wars,5539
Wars2,5540
Wasf2,5541
Wbp1l,5542
Wbp2,5543
Wdfy1,5544
Wdr41,5545
Wdr43,5546
Wdr45b,5547
Wdr47,5548
Wdr53,5549
Wdsub1,5550
Wdtc1,5551
Wee1,5552
Wfdc1,5553
Wfikkn2,5554
Wfs1,5555
Wipf1,5556
Wipi1,5557
Wnk1,5558
Wnt1,5559
Wnt10b,5560
Wnt11,5561
Wnt2b,5562
Wnt3,5563
Wnt4,5564
Wnt5b,5565
Wnt7a,5566
Wnt7b,5567
Wrap53,5568
Wsb1,5569
Wsb2,5570
Wscd1,5571
Wwc2,5572
Wwox,5573
Xkr5,5574
Xkr6,5575
Xpc,5576
Xpnpep1,5577
Xpo6,5578
Xrcc1,5579
Xrcc3,5580
Xxylt1,5581
Xylt2,5582
Yaf2,5583
Yes1,5584
Yif1a,5585
Ywhae,5586
Ywhag,5587
Ywhaz,5588
Yy1,5589
Zadh2,5590
Zbed3,5591
Zbtb10,5592
Zbtb18,5593
Zbtb24,5594
Zbtb25,5595
Zbtb38,5596
Zbtb42,5597
Zbtb43,5598
Zbtb46,5599
Zbtb7a,5600
Zbtb7c,5601
Zbtb8b,5602
Zbtb8os,5603
Zc3h14,5604
Zc3h8,5605
Zcchc11,5606
Zcchc24,5607
Zdbf2,5608
Zdhhc14,5609
Zdhhc17,5610
Zdhhc24,5611
Zdhhc7,5612
Zfand2a,5613
Zfhx2,5614
Zfhx3,5615
Zfp169,5616
Zfp248,5617
Zfp276,5618
Zfp280b,5619
Zfp286,5620
Zfp287,5621
Zfp317,5622
Zfp318,5623
Zfp334,5624
Zfp341,5625
Zfp36,5626
Zfp362,5627
Zfp36l1,5628
Zfp36l2,5629
Zfp37,5630
Zfp385b,5631
Zfp385c,5632
Zfp386,5633
Zfp395,5634
Zfp407,5635
Zfp423,5636
Zfp426,5637
Zfp428,5638
Zfp445,5639
Zfp467,5640
Zfp503,5641
Zfp507,5642
Zfp512,5643
Zfp521,5644
Zfp523,5645
Zfp524,5646
Zfp536,5647
Zfp57,5648
Zfp609,5649
Zfp618,5650
Zfp64,5651
Zfp647,5652
Zfp653,5653
Zfp663,5654
Zfp703,5655
Zfp704,5656
Zfp706,5657
Zfp710,5658
Zfp750,5659
Zfp786,5660
Zfp800,5661
Zfp809,5662
Zfp827,5663
Zfp846,5664
Zfp9,5665
Zfp930,5666
Zfp941,5667
Zfp956,5668
Zfp957,5669
Zfp961,5670
Zfp971,5671
Zfpm1,5672
Zfyve21,5673
Zhx2,5674
Zhx3,5675
Zic2,5676
Zkscan7,5677
Zmat5,5678
Zmiz1,5679
Zmynd8,5680
Znfx1,5681
Znrf3,5682
Zpbp2,5683
Zscan20,5684
Zswim4,5685
Zwilch,5686
a230009b12rik,5687
a330001l22rik,5688
a330076c08rik,5689
a530016l24rik,5690
a730006g06rik,5691
a730013g03rik,5692
a930004d18rik,5693
a930005g22rik,5694
abca4,5695
abcb9,5696
abhd4,5697
abl1,5698
ablim1,5699
ablim3,5700
abr,5701
abracl,5702
abt1,5703
acot11,5704
acot12,5705
acoxl,5706
adamts14,5707
adamtsl5,5708
adcy9,5709
adgrb2,5710
adora2a,5711
adra2a,5712
afap1,5713
agap1,5714
agap3,5715
ago2,5716
ahdc1,5717
ai839979,5718
ajm1,5719
ajuba,5720
akap7,5721
akr1b10,5722
akt1,5723
aldh3a1,5724
aldh7a1,5725
alk,5726
altre,5727
amer1,5728
amer2,5729
amigo1,5730
amotl2,5731
angpt2,5732
angptl2,5733
ank3,5734
ankrd29,5735
ankrd34a,5736
ankrd53,5737
ankrd60,5738
anks1,5739
anxa2,5740
anxa4,5741
ap3b2,5742
apbb2,5743
apeh,5744
aqp2,5745
aqp5,5746
aqp6,5747
arap1,5748
arhgap22,5749
arhgap23,5750
arhgap27,5751
arhgap40,5752
arhgap45,5753
arhgap8,5754
arhgef17,5755
arhgef25,5756
arhgef4,5757
arhgef40,5758
arid1b,5759
arid3c,5760
arid5b,5761
ark2c,5762
arl10,5763
arl4c,5764
arrdc2,5765
arsi,5766
artn,5767
asb7,5768
ascl5,5769
atf3,5770
atosa,5771
atp8a2,5772
atp9a,5773
aurkb,5774
aw121686,5775
axin2,5776
b230206l02rik,5777
b230217c12rik,5778
b3gnt5,5779
b430209f14rik,5780
b930095g15rik,5781
bag3,5782
bahcc1,5783
bc034090,5784
bc037039,5785
bc050972,5786
bcas3,5787
bcas3os1,5788
bcl2,5789
bcl2l11,5790
bcl6,5791
bcl7a,5792
bcl9l,5793
bcor,5794
bcorl1,5795
bcr,5796
bend7,5797
bhlha15,5798
bicdl1,5799
bik,5800
bmi1,5801
bmp2,5802
bop1,5803
btbd17,5804
btbd9,5805
c130093g08rik,5806
c1qb,5807
c1qtnf5,5808
c1qtnf6,5809
c230057a21rik,5810
c2cd4c,5811
c330002g04rik,5812
c78197,5813
cabp2,5814
cacna1g,5815
cacna2d4,5816
calhm2,5817
calml4,5818
camta1,5819
car14,5820
card10,5821
caskin2,5822
casp8,5823
castor1,5824
catsperg1,5825
catsperz,5826
cavin3,5827
cbx2,5828
cbx4,5829
cbx7,5830
cbx8,5831
ccdc116,5832
ccdc13,5833
ccdc69,5834
ccdc85c,5835
ccdc9,5836
ccdc9b,5837
cckbr,5838
ccnb2,5839
ccnk,5840
ccno,5841
cd151,5842
cd2,5843
cd72,5844
cdc23,5845
cdc25a,5846
cdc42ep1,5847
cdc42ep4,5848
cdh22,5849
cdh23,5850
cdh4,5851
cdk2ap1,5852
cdkal1,5853
cdkn1c,5854
cdo1,5855
celf2,5856
celf3,5857
celf4,5858
celsr1,5859
cemip2,5860
cend1,5861
cenpb,5862
cep44,5863
cercam,5864
cfap45,5865
chga,5866
chst3,5867
cib2,5868
cimap1c,5869
cimip3,5870
cited4,5871
ckap4,5872
clcf1,5873
cldn11,5874
cldn7,5875
clic4,5876
clic6,5877
clip1,5878
clip2,5879
clmn,5880
clta,5881
cltb,5882
cmtm3,5883
cmya5,5884
cngb1,5885
cnksr1,5886
cntnap1,5887
cntrob,5888
col26a1,5889
col27a1,5890
col5a3,5891
col8a2,5892
col9a1,5893
col9a3,5894
cplx2,5895
cpne7,5896
cpne9,5897
cpsf4l,5898
crabp1,5899
cradd,5900
crlf1,5901
crmp1,5902
crocc2,5903
cryzl2,5904
csk,5905
cspg5,5906
csrp1,5907
csrp2,5908
cstad,5909
ctbp2,5910
ctnna1,5911
ctr9,5912
cuedc1,5913
cul7,5914
cul9,5915
cux2,5916
cxxc5,5917
cybrd1,5918
cyp26a1,5919
cyp26c1,5920
cyp4v3,5921
cyth1,5922
d030047h15rik,5923
d330046f09rik,5924
d430019h16rik,5925
d630033o11rik,5926
d830039m14rik,5927
d930048n14rik,5928
dact1,5929
dact3,5930
dbn1,5931
dctn1,5932
ddn,5933
ddr1,5934
dennd2b,5935
derl3,5936
dgat2,5937
dgkh,5938
dgkz,5939
dhh,5940
dhrs11,5941
dhtkd1,5942
diras1,5943
dixdc1,5944
dkk3,5945
dleu7,5946
dlgap4,5947
dlk1,5948
dll1,5949
dll3,5950
dll4,5951
dlx3,5952
dmap1,5953
dmtn,5954
dnaaf4,5955
dnajc22,5956
dnm1,5957
dnmbp,5958
dnmt3a,5959
dnmt3aos,5960
dok4,5961
dolpp1,5962
dpysl4,5963
drc1,5964
dtx1,5965
dusp18,5966
dync1li2,5967
dzip1,5968
e030011o05rik,5969
e130006d01rik,5970
e230001n04rik,5971
ebf3,5972
ect2l,5973
efcab9,5974
efemp2,5975
efhd2,5976
efna2,5977
efnb3,5978
ehmt2,5979
eid1,5980
eif4g3,5981
elfn1,5982
elfn2,5983
eln,5984
emid1,5985
eml1,5986
eml2,5987
enc1,5988
enho,5989
eogt,5990
epas1,5991
epcam,5992
epha2,5993
ephb3,5994
espn,5995
esr2,5996
etv5,5997
exoc3l4,5998
f2r,5999
fads1,6000
fads3,6001
fads6,6002
fam110a,6003
fam120a,6004
fam131c,6005
fam149a,6006
fam167b,6007
fam169a,6008
fam171b,6009
fam178b,6010
fam219a,6011
fam229a,6012
fam53b,6013
fam78a,6014
fancc,6015
fance,6016
fbxl14,6017
fbxl16,6018
fbxo4,6019
fbxo41,6020
fer,6021
fgd3,6022
fgf11,6023
fgf8,6024
fgf9,6025
fgfr3,6026
fgfr4,6027
fhod3,6028
fignl1,6029
fignl2,6030
fkrp,6031
fktn,6032
flnb,6033
flnc,6034
flrt1,6035
flt3,6036
fmod,6037
fnbp1l,6038
folr1,6039
fosb,6040
foxj1,6041
foxn3,6042
foxn4,6043
foxp1,6044
frs3,6045
frs3os,6046
fry,6047
fscn1,6048
fscn2,6049
fut7,6050
fzd2,6051
fzd5,6052
fzd9,6053
g0s2,6054
g430095p16rik,6055
gabbr1,6056
gadd45b,6057
gadd45g,6058
gadl1,6059
gal3st4,6060
gas2l1,6061
gas2l2,6062
gata2,6063
gata5,6064
gdf10,6065
gdf15,6066
get1,6067
gfra3,6068
ghrh,6069
gldc,6070
glis1,6071
glp1r,6072
glul,6073
gm10190,6074
gm10277,6075
gm10384,6076
gm10419,6077
gm10421,6078
gm10476,6079
gm10532,6080
gm10575,6081
gm10578,6082
gm10636,6083
gm10840,6084
gm11190,6085
gm11201,6086
gm11292,6087
gm11657,6088
gm11685,6089
gm11713,6090
gm11730,6091
gm11732,6092
gm11733,6093
gm11734,6094
gm11755,6095
gm11772,6096
gm12289,6097
gm12462,6098
gm12781,6099
gm12796,6100
gm12802,6101
gm12843,6102
gm12992,6103
gm13112,6104
gm13203,6105
gm13205,6106
gm13584,6107
gm13657,6108
gm13832,6109
gm13840,6110
gm13846,6111
gm13889,6112
gm14041,6113
gm14279,6114
gm14340,6115
gm14342,6116
gm14488,6117
gm14642,6118
gm15283,6119
gm15322,6120
gm15326,6121
gm15423,6122
gm15521,6123
gm15543,6124
gm15742,6125
gm15860,6126
gm15918,6127
gm16008,6128
gm16010,6129
gm16068,6130
gm16116,6131
gm16141,6132
gm16201,6133
gm16239,6134
gm16252,6135
gm16299,6136
gm16599,6137
gm16863,6138
gm17029,6139
gm17197,6140
gm19466,6141
gm19497,6142
gm19557,6143
gm20544,6144
gm21057,6145
gm22069,6146
gm22218,6147
gm22302,6148
gm22312,6149
gm22450,6150
gm22927,6151
gm22942,6152
gm22969,6153
gm23105,6154
gm23293,6155
gm23458,6156
gm24071,6157
gm24149,6158
gm24472,6159
gm24867,6160
gm25064,6161
gm25132,6162
gm25259,6163
gm25490,6164
gm25890,6165
gm26061,6166
gm26379,6167
gm26698,6168
gm26721,6169
gm26793,6170
gm26832,6171
gm26887,6172
gm26908,6173
gm28068,6174
gm29417,6175
gm29480,6176
gm29508,6177
gm29595,6178
gm29684,6179
gm29834,6180
gm29932,6181
gm29961,6182
gm29979,6183
gm29993,6184
gm30032,6185
gm30068,6186
gm30074,6187
gm30093,6188
gm30136,6189
gm30217,6190
gm30234,6191
gm30344,6192
gm30377,6193
gm30422,6194
gm30453,6195
gm30474,6196
gm30483,6197
gm30492,6198
gm30513,6199
gm30561,6200
gm30568,6201
gm30679,6202
gm30744,6203
gm30796,6204
gm30826,6205
gm30875,6206
gm30888,6207
gm30895,6208
gm30977,6209
gm31096,6210
gm31125,6211
gm31159,6212
gm31194,6213
gm31233,6214
gm31408,6215
gm31475,6216
gm31536,6217
gm31590,6218
gm31603,6219
gm31619,6220
gm31734,6221
gm31740,6222
gm31805,6223
gm31816,6224
gm31936,6225
gm31999,6226
gm32039,6227
gm32064,6228
gm32099,6229
gm32123,6230
gm32267,6231
gm3227,6232
gm32305,6233
gm32352,6234
gm32404,6235
gm32473,6236
gm32551,6237
gm32585,6238
gm32684,6239
gm32718,6240
gm32806,6241
gm32822,6242
gm32825,6243
gm32845,6244
gm32897,6245
gm32915,6246
gm32918,6247
gm32968,6248
gm32998,6249
gm32999,6250
gm33026,6251
gm33078,6252
gm33185,6253
gm33219,6254
gm33250,6255
gm33337,6256
gm33388,6257
gm33415,6258
gm33436,6259
gm33542,6260
gm33630,6261
gm33641,6262
gm33727,6263
gm33785,6264
gm33819,6265
gm33829,6266
gm33861,6267
gm34065,6268
gm34086,6269
gm34372,6270
gm34412,6271
gm34418,6272
gm34455,6273
gm34590,6274
gm34735,6275
gm34751,6276
gm34794,6277
gm34965,6278
gm34978,6279
gm35018,6280
gm35028,6281
gm35063,6282
gm35117,6283
gm35149,6284
gm35169,6285
gm35170,6286
gm35196,6287
gm35294,6288
gm35365,6289
gm35438,6290
gm35450,6291
gm35469,6292
gm35474,6293
gm35502,6294
gm35510,6295
gm35531,6296
gm35628,6297
gm35664,6298
gm35682,6299
gm35710,6300
gm35829,6301
gm35867,6302
gm35878,6303
gm35932,6304
gm35967,6305
gm36033,6306
gm36048,6307
gm36063,6308
gm36066,6309
gm36199,6310
gm36208,6311
gm36218,6312
gm36246,6313
gm36315,6314
gm36416,6315
gm36451,6316
gm36486,6317
gm36505,6318
gm36518,6319
gm36617,6320
gm36690,6321
gm36736,6322
gm36784,6323
gm36794,6324
gm36803,6325
gm36809,6326
gm36834,6327
gm36843,6328
gm36875,6329
gm36911,6330
gm38405,6331
gm38464,6332
gm38483,6333
gm38585,6334
gm38621,6335
gm38734,6336
gm38868,6337
gm38926,6338
gm39081,6339
gm39090,6340
gm39171,6341
gm39191,6342
gm39257,6343
gm39264,6344
gm39267,6345
gm39269,6346
gm39329,6347
gm39350,6348
gm39352,6349
gm39440,6350
gm39465,6351
gm39567,6352
gm39575,6353
gm39783,6354
gm39784,6355
gm39850,6356
gm39882,6357
gm39888,6358
gm40078,6359
gm40099,6360
gm40100,6361
gm40103,6362
gm40271,6363
gm40283,6364
gm40387,6365
gm40441,6366
gm40449,6367
gm40451,6368
gm40491,6369
gm40522,6370
gm40531,6371
gm40627,6372
gm40631,6373
gm40716,6374
gm40742,6375
gm40931,6376
gm41033,6377
gm41112,6378
gm41176,6379
gm41198,6380
gm41231,6381
gm41239,6382
gm41293,6383
gm41306,6384
gm41499,6385
gm41556,6386
gm41559,6387
gm41589,6388
gm41638,6389
gm41693,6390
gm41698,6391
gm41776,6392
gm41784,6393
gm41848,6394
gm41862,6395
gm41871,6396
gm41877,6397
gm41914,6398
gm41979,6399
gm42015,6400
gm42125,6401
gm42334,6402
gm42340,6403
gm42351,6404
gm42456,6405
gm43464,6406
gm44758,6407
gm4577,6408
gm45972,6409
gm46065,6410
gm46151,6411
gm46152,6412
gm46204,6413
gm46226,6414
gm46268,6415
gm46298,6416
gm46359,6417
gm46371,6418
gm46423,6419
gm46488,6420
gm46527,6421
gm46560,6422
gm46603,6423
gm46638,6424
gm46819,6425
gm46825,6426
gm46829,6427
gm46926,6428
gm46972,6429
gm47425,6430
gm47593,6431
gm47754,6432
gm47815,6433
gm48449,6434
gm49767,6435
gm50050,6436
gm50287,6437
gm5069,6438
gm5103,6439
gm51602,6440
gm51671,6441
gm51741,6442
gm51749,6443
gm51766,6444
gm51818,6445
gm51891,6446
gm51901,6447
gm51916,6448
gm51929,6449
gm51970,6450
gm51980,6451
gm52013,6452
gm52026,6453
gm52040,6454
gm52113,6455
gm52183,6456
gm52357,6457
gm52384,6458
gm52393,6459
gm52490,6460
gm52534,6461
gm52547,6462
gm52552,6463
gm52553,6464
gm52558,6465
gm52564,6466
gm52568,6467
gm52685,6468
gm52708,6469
gm52712,6470
gm52713,6471
gm52786,6472
gm52861,6473
gm52906,6474
gm52917,6475
gm53197,6476
gm53205,6477
gm53232,6478
gm53244,6479
gm53331,6480
gm53380,6481
gm53403,6482
gm53457,6483
gm53563,6484
gm53614,6485
gm53657,6486
gm53690,6487
gm53710,6488
gm53735,6489
gm53740,6490
gm53741,6491
gm53770,6492
gm53843,6493
gm53912,6494
gm53947,6495
gm54021,6496
gm54022,6497
gm54130,6498
gm54143,6499
gm54232,6500
gm54233,6501
gm54264,6502
gm572,6503
gm57493,6504
gm57542,6505
gm57565,6506
gm57768,6507
gm57789,6508
gm57793,6509
gm57848,6510
gm6498,6511
gm6607,6512
gm7457,6513
gm805,6514
gm8149,6515
gm9132,6516
gm9258,6517
gm9530,6518
gm9899,6519
gnat1,6520
gnb1,6521
gpatch2l,6522
gpr153,6523
gpr162,6524
gpr62,6525
gpx7,6526
grb7,6527
grik5,6528
grin2c,6529
grin2d,6530
grm4,6531
gsc2,6532
gse1,6533
gulo,6534
gxylt1,6535
h1f5,6536
h2bc21,6537
h3c4,6538
h3f4,6539
hand1,6540
hebp2,6541
heg1,6542
hes2,6543
hes3,6544
hes6,6545
hes7,6546
hey2,6547
heyl,6548
hhatl,6549
hic1,6550
hid1,6551
hif3a,6552
hip1,6553
hjv,6554
hk2,6555
hmga1,6556
hmga2-ps1,6557
hoatz,6558
hpdl,6559
hps6,6560
hr,6561
hrc,6562
hrk,6563
hs3st3b1,6564
hspa12a,6565
hspa12b,6566
hspa1b,6567
hspg2,6568
htr1d,6569
hvcn1,6570
id1,6571
id3,6572
igdcc3,6573
il10,6574
il17rd,6575
il9r,6576
impact,6577
inf2,6578
insm1,6579
ip6k3,6580
iqca1l,6581
iqgap1,6582
iqsec1,6583
irf4,6584
irf5,6585
isoc2b,6586
isyna1,6587
itga3,6588
itpka,6589
itpkb,6590
jade1,6591
jsrp1,6592
kank1,6593
kat6b,6594
kcnh2,6595
kcnip2,6596
kcnip3,6597
kdf1,6598
kdm2a,6599
kdm6b,6600
kif21a,6601
kif21b,6602
kifc3,6603
kirrel3os,6604
kiss1r,6605
klc1,6606
klf13,6607
klf7,6608
klhl35,6609
klhl5,6610
kremen2,6611
krt18,6612
ksr2,6613
l3mbtl1,6614
lactbl1,6615
lag3,6616
laptm4a,6617
larp6,6618
lcn4,6619
ldb1,6620
ldlr,6621
ldlrap1,6622
lfng,6623
lhb,6624
lhx2,6625
lima1,6626
limch1,6627
limk2,6628
lin28a,6629
lin9,6630
lmna,6631
lncppara,6632
lnx2,6633
loc102637806,6634
loc105246914,6635
loc118567558,6636
loxl3,6637
loxl4,6638
lpp,6639
lrcol1,6640
lrfn2,6641
lrig1,6642
lrp1,6643
lrp8,6644
lrrc73,6645
lrrc8d,6646
lrrc8e,6647
lrrc9,6648
luzp1,6649
lxn,6650
lynx1,6651
lyrm9,6652
lzts2,6653
mab21l2,6654
macf1,6655
mafb,6656
mageb1,6657
maml3,6658
map2k6,6659
map3k6,6660
map4,6661
mblac1,6662
mbp,6663
mcts2,6664
mdk,6665
megf8,6666
meis2,6667
meox1,6668
mex3b,6669
mfap4,6670
mfsd2a,6671
mgll,6672
mical1,6673
micall1,6674
mid1,6675
mideas,6676
mir1190,6677
mir12179,6678
mir152,6679
mir1901,6680
mir1953,6681
mir1a-1hg,6682
mir203b,6683
mir219a-2,6684
mir219b,6685
mir29b-1,6686
mir3075,6687
mir3080,6688
mir3089,6689
mir3102,6690
mir3108,6691
mir3154,6692
mir3473b,6693
mir365-2,6694
mir378b,6695
mir499,6696
mir5120,6697
mir6403,6698
mir6418,6699
mir692-1,6700
mir6930,6701
mir6955,6702
mir6957,6703
mir6979,6704
mir6991,6705
mir6996,6706
mir7017,6707
mir7032,6708
mir709,6709
mir7687,6710
mir7689,6711
mir874,6712
mir9-3hg,6713
mllt3,6714
mllt6,6715
mmd,6716
mmp2,6717
mospd4,6718
mpdz,6719
mrgpre,6720
mrps23,6721
msi2,6722
msl3l2,6723
msra,6724
mst1r,6725
mtcl1,6726
mthfr,6727
mvk,6728
mxra8,6729
mycbpap,6730
mycl,6731
myh7b,6732
myl7,6733
mylk2,6734
mymx,6735
myo10,6736
myo15b,6737
n-r5s28,6738
n4bp2l1,6739
nacad,6740
nat14,6741
nat9,6742
nav1,6743
nccrp1,6744
ncf1,6745
nckap5l,6746
nckap5los,6747
ncor2,6748
nctc1,6749
ndst1,6750
ndufa4l2,6751
ndufaf8,6752
ndufs2,6753
neil2,6754
nek6,6755
nek7,6756
neurl1a,6757
nfam1,6758
nfil3,6759
nherf1,6760
nhsl3,6761
niban2,6762
niban3,6763
ninj2,6764
nkpd1,6765
nkx1-1,6766
nlgn2,6767
nmb,6768
nol4l,6769
npepl1,6770
nphp4,6771
npr2,6772
nr1d1,6773
nr2f6,6774
nrgn,6775
nrsn2,6776
nsd1,6777
nsmaf,6778
nt5c1a,6779
ntf5,6780
ntn3,6781
ntng2,6782
ntsr1,6783
nuak2,6784
nudt11,6785
nudt4,6786
numb,6787
numbl,6788
nup93,6789
nyap1,6790
olfm2,6791
onecut3,6792
or6s1,6793
osbpl2,6794
otop3,6795
otx1,6796
otx2,6797
ovca2,6798
p3r3urf,6799
pabpc1l2a,6800
pacsin1,6801
pacsin3,6802
pald1,6803
palm3,6804
patz1,6805
pax6,6806
pbx2,6807
pcdhga2,6808
pcdhga9,6809
pcolce,6810
pcp4l1,6811
pcsk4,6812
pde10a,6813
pde4a,6814
pde4b,6815
pde7a,6816
pdgfa,6817
pdgfra,6818
pdgfrb,6819
pdpn,6820
pdxdc1,6821
pdxk-ps,6822
pebp1,6823
perp,6824
pfn1,6825
pgap2,6826
pgf,6827
phactr1,6828
phb1,6829
phc2,6830
phf24,6831
phldb3,6832
phox2b,6833
pi16,6834
pik3c3,6835
pik3cd,6836
pik3r1,6837
pim1,6838
pitpnm2,6839
pitpnm2os2,6840
pkn3,6841
plb1,6842
plcd3,6843
plec,6844
plekha7,6845
plekhg5,6846
plekho1,6847
plk1,6848
plpp1,6849
plxnb1,6850
pmepa1,6851
pnrc2,6852
podxl,6853
pold2,6854
polk,6855
pop5,6856
por,6857
ppfia4,6858
ppfibp1,6859
ppp1r14a,6860
ppp1r16b,6861
ppp1r18,6862
ppp1r9b,6863
prdm1,6864
prdm11,6865
prdm8,6866
prep,6867
prima1,6868
prkar1b,6869
prkcd,6870
prkcsh,6871
prkcz,6872
prkd3,6873
prnd,6874
prob1,6875
prph2,6876
prr5,6877
prrc2b,6878
prrt1,6879
prss42,6880
psd2,6881
psmc1,6882
ptger1,6883
ptgr3,6884
pth2,6885
ptk7,6886
ptma,6887
ptp4a2,6888
ptpn14,6889
ptpru,6890
pwwp2b,6891
pxn,6892
pygo1,6893
qrfp,6894
rab11fip4os1,6895
rab11fip5,6896
rab13,6897
rab15,6898
rab17,6899
rab31,6900
rab6b,6901
rac3,6902
racgap1,6903
radil,6904
rai1,6905
ralgapa2,6906
ralgds,6907
rapgefl1,6908
rara,6909
rarg,6910
rasl10a,6911
rassf2,6912
rassf3,6913
rbfox3,6914
rbm15b,6915
rbp7,6916
rbpms2,6917
rcc2,6918
rcor2,6919
rdh13,6920
rela,6921
ret,6922
rflna,6923
rflnb,6924
rfx2,6925
rfx4,6926
rgl1,6927
rgmb,6928
rgs20,6929
rgs3,6930
rhbdf1,6931
rhbdf2,6932
rhbg,6933
rhobtb2,6934
rhoc,6935
rhof,6936
rhpn1,6937
rilpl1,6938
rims2,6939
ripor1,6940
ripply3,6941
rnasel,6942
rnf144a,6943
rnf144b,6944
rnf186,6945
rnf207,6946
rnf220,6947
rnf43,6948
rny3,6949
rora,6950
rorb,6951
rpgrip1,6952
rph3al,6953
rpp25,6954
rps6kl1,6955
rsad1,6956
rspo2,6957
rsu1,6958
rtn1,6959
rtn2,6960
rtn4rl1,6961
rtn4rl2,6962
rundc3a,6963
rusc2,6964
rxra,6965
s1pr2,6966
samd1,6967
sbk1,6968
scarletltr,6969
scd2,6970
scn8a,6971
scrn1,6972
scube3,6973
scx,6974
sec24b,6975
selenom,6976
sema4c,6977
sema4f,6978
sema5b,6979
sema6c,6980
septin4,6981
septin9,6982
serpinh1,6983
sertad2,6984
sestd1,6985
sez6,6986
sgk1,6987
sh3gl3,6988
shc4,6989
shisa2,6990
shisal1,6991
shmt2,6992
shroom3,6993
sigirr,6994
sipa1l3,6995
six3,6996
six3os1,6997
six6,6998
ski,6999
skor1,7000
slc12a5,7001
slc13a2os,7002
slc18a1,7003
slc1a5,7004
slc20a2,7005
slc22a7,7006
slc23a4,7007
slc24a1,7008
slc26a10,7009
slc26a8,7010
slc29a4,7011
slc37a1,7012
slc39a11,7013
slc44a5,7014
slc45a3,7015
slc4a2,7016
slc6a12,7017
slc6a16,7018
slc6a6,7019
slc6a9,7020
slc7a1,7021
slc7a8,7022
slco4a1,7023
smad1,7024
smad6,7025
smad7,7026
smarca2,7027
smim24,7028
smim38,7029
smtn,7030
smug1,7031
snai1,7032
snora26,7033
snx24,7034
snx29,7035
socs3,7036
sorbs3,7037
sorcs2,7038
sos1,7039
sox7,7040
sox8,7041
sp1,7042
sp6,7043
spata13,7044
spata6l,7045
spats2,7046
spdya,7047
spef1,7048
sphk1,7049
spmip1,7050
spmip11,7051
spmip8,7052
sprn,7053
sptbn4,7054
srcin1,7055
srgap1,7056
srpk2,7057
srrm3,7058
srrm4os,7059
ssbp3,7060
ssbp4,7061
ssmem1,7062
st6galnac4,7063
st8sia1,7064
stag3,7065
ston2,7066
stpg1,7067
stra6,7068
susd2,7069
sv2b,7070
swsap1,7071
syne1,7072
syngap1,7073
syngr3,7074
synpo,7075
syt15,7076
sytl1,7077
tacc2,7078
tacc3,7079
tagln3,7080
tanc1,7081
tbc1d16,7082
tbc1d2,7083
tbc1d22a,7084
tbx21,7085
tbx4,7086
tcea3,7087
tcf20,7088
tcf24,7089
tcf4,7090
tcf7,7091
tcf7l1,7092
tcf7l2,7093
tcp11,7094
tead1,7095
tead2,7096
tead3,7097
tekt4,7098
tektip1,7099
tenm3,7100
tet1,7101
tgfb3,7102
tgif2,7103
tha1,7104
tigd5,7105
tjp1,7106
tjp2,7107
tlcd4,7108
tm6sf2,7109
tmbim1,7110
tmcc2,7111
tmdd1,7112
tmeff1,7113
tmem102,7114
tmem132b,7115
tmem132cos,7116
tmem154,7117
tmem161a,7118
tmem191,7119
tmem200b,7120
tmem233,7121
tmem235,7122
tmem35b,7123
tmem63a,7124
tmem74b,7125
tmem88,7126
tmod1,7127
tnfaip8,7128
tnfrsf13b,7129
tnfrsf19,7130
tnfrsf1a,7131
tnk1,7132
tnk2,7133
tox2,7134
tpcn1,7135
tpm1,7136
tpm2,7137
traf1,7138
trim36,7139
trim47,7140
trim56,7141
trim80,7142
trim9,7143
trp53i13,7144
trps1,7145
trpv4,7146
tsc22d1,7147
tspan17,7148
tspan9,7149
tspoap1,7150
tssk3,7151
ttc7,7152
ttyh2,7153
ubc,7154
ube2o,7155
ubox5,7156
uck2,7157
ugdh,7158
unc13a,7159
unc5a,7160
unc93a,7161
unkl,7162
usp10,7163
vax1,7164
vegfa,7165
vgf,7166
vgll4,7167
vmn2r121,7168
vrtn,7169
vstm2l,7170
vsx2,7171
wasf3,7172
wbp1l,7173
wdr59,7174
wee1,7175
wfdc1,7176
wfikkn2,7177
wipf1,7178
wnt10a,7179
wnt10b,7180
wnt3,7181
wnt4,7182
wnt7a,7183
wnt7b,7184
wnt9b,7185
xkr9,7186
ykt6,7187
zar1,7188
zbtb10,7189
zbtb34,7190
zbtb46,7191
zbtb7a,7192
zbtb7c,7193
zc3h14,7194
zdhhc14,7195
zdhhc18,7196
zdhhc22,7197
zfp281,7198
zfp316,7199
zfp36l1,7200
zfp385b,7201
zfp469,7202
zfp488,7203
zfp503,7204
zfp521,7205
zfp536,7206
zfp599,7207
zfp703,7208
zfp710,7209
zfp783,7210
zfp804a,7211
zfp827,7212
zhx2,7213
zmynd8,7214
oprk1,7215
sgk3,7216
amer3,7217
ptpn18,7218
neurl3,7219
cnnm4,7220
kansl3,7221
arid5a,7222
ankrd23,7223
ankrd39,7224
clk1,7225
fam126b,7226
trak2,7227
cflar,7228
nif3l1,7229
orc2,7230
bzw1,7231
zdbf2,7232
adam23,7233
ndufs1,7234
slc11a1,7235
stk36,7236
prkag3,7237
wdfy1,7238
kcne4,7239
ap1s3,7240
nppc,7241
ncl,7242
gbx2,7243
lrrfip1,7244
mlph,7245
scly,7246
ramp1,7247
cops9,7248
ilkap,7249
rbm44,7250
ube2f,7251
erfe,7252
klhl30,7253
twist2,7254
ankmy1,7255
gpc1,7256
farp2,7257
ing5,7258
agxt,7259
sept2,7260
kdsr,7261
serpinb5,7262
vps4b,7263
tsn,7264
clasp1,7265
gli2,7266
tfcp2l1,7267
mapkapk2,7268
rbbp5,7269
elk4,7270
mfsd4a,7271
lemd1,7272
lrrn2,7273
cdk18,7274
dstyk,7275
nfasc,7276
btg2,7277
cyb5r1,7278
rabif,7279
adipor1,7280
kdm5b,7281
timm17a,7282
shisa4,7283
elf3,7284
tnni1,7285
phlda3,7286
lmod1,7287
lad1,7288
camsap2,7289
kif14,7290
lhx9,7291
crb1,7292
rgs16,7293
mr1,7294
tex35,7295
rasal2,7296
creg1,7297
cd247,7298
mpzl1,7299
rcsd1,7300
mpc2,7301
tiprl,7302
dcaf6,7303
pou2f1,7304
mael,7305
tmco1,7306
pbx1,7307
ppox,7308
f11r,7309
apoa2,7310
cep170,7311
sdccag8,7312
zbtb18,7313
psen2,7314
stum,7315
pycr2,7316
ephx1,7317
9130409i23rik,7318
lefty1,7319
cenpf,7320
rd3,7321
tatdn3,7322
batf3,7323
traf5,7324
ppp2r5a,7325
nek2,7326
nsl1,7327
sertad4,7328
cr1l,7329
hsd11b1,7330
lamb3,7331
a130010j15rik,7332
camk1g,7333
mcm10,7334
proser2,7335
pter,7336
msrb2,7337
dnajc1,7338
armc3,7339
spag6,7340
notch1,7341
egfl7,7342
gpsm1,7343
rabl6,7344
fam69b,7345
cacfd1,7346
1700007k13rik,7347
col5a1,7348
olfm1,7349
setx,7350
crat,7351
ntmt1,7352
asb6,7353
fubp3,7354
aif1l,7355
plpp7,7356
eng,7357
pip5kl1,7358
ak1,7359
ass1-1,7360
fpgs,7361
exosc2,7362
fam102a,7363
nup214,7364
uck1,7365
lamc3,7366
swi5,7367
lcn2,7368
sh2d3c,7369
cdk9,7370
garnl3,7371
ralgps1,7372
slc2a8,7373
zbtb43,7374
pbx3,7375
gapvd1,7376
hspa5,7377
stom,7378
psmd5,7379
hc,7380
gsn,7381
cntrl,7382
ggta1,7383
olfml2a,7384
wdsub1,7385
dapl1,7386
rbms1,7387
pla2r1,7388
itgb6,7389
map3k20,7390
sp3,7391
sp9,7392
scrn3,7393
fkbp7,7394
ttc30a1,7395
nfe2l2,7396
ttn,7397
ccdc141,7398
arhgap1,7399
nr1h3,7400
mybpc3,7401
arfgap2,7402
acp2,7403
nup160,7404
spi1,7405
slc39a13,7406
ddb2,7407
ndufs3,7408
f2,7409
agbl2,7410
creb3l1,7411
alkbh3,7412
trp53i11,7413
ext2,7414
syt13,7415
accs,7416
tspan18,7417
ttc17,7418
hsd17b12,7419
api5,7420
cd44,7421
b230118h07rik,7422
ldlrad3,7423
prr5l,7424
slc1a2,7425
fjx1,7426
pdhx,7427
elp4,7428
aven,7429
actc1,7430
bc052040,7431
bmf,7432
pak6,7433
ivd,7434
fsip1,7435
phgr1,7436
plcb2,7437
thbs1,7438
gpr176,7439
chst14,7440
bub1b,7441
a430105i19rik,7442
ndufaf1,7443
epb42,7444
fgf7,7445
cep152,7446
fbn1,7447
dut,7448
atp8b4,7449
secisbp2l,7450
bub1,7451
slc20a1,7452
stk35,7453
nphp1,7454
fbln7,7455
mertk,7456
anapc1,7457
snrpb,7458
ttl,7459
zc3h8,7460
nop56,7461
polr1b,7462
pdyn,7463
tgm6,7464
il1b,7465
idh3b,7466
mavs,7467
1700037h04rik,7468
cdc25b,7469
ap5s1,7470
rnf24,7471
pcna,7472
prnp,7473
fermt1,7474
rin2,7475
nkx2-2,7476
nanp,7477
ninl,7478
sox12,7479
scrt2,7480
rbck1,7481
rem1,7482
cox4i2,7483
tpx2,7484
ccm2l,7485
snta1,7486
pxmp4,7487
dusp15,7488
dnmt3b,7489
cbfa2t2,7490
mapre1,7491
zfp341,7492
kif3b,7493
necab3,7494
cdk5rap1,7495
plagl2,7496
1700003f12rik,7497
commd7,7498
bpifb1,7499
e2f1,7500
bpifb5,7501
ggt7,7502
gss,7503
acss2,7504
nfs1,7505
epb41l1,7506
aar2,7507
phf20,7508
src,7509
manbal,7510
1110008f13rik,7511
blcap,7512
nnat,7513
ctnnbl1,7514
gm826,7515
dhx35,7516
emilin3,7517
lpin3,7518
zhx3,7519
plcg1,7520
mybl2,7521
sgk2,7522
elmo2,7523
zfp663,7524
slc2a10,7525
ncoa5,7526
zfp334,7527
trp53rka,7528
eya2,7529
sulf2,7530
kcnb1,7531
ptgis,7532
spata2,7533
arfgef2,7534
ddx27,7535
rnf114,7536
ncoa3,7537
slc9a8,7538
znfx1,7539
cse1l,7540
prex1,7541
ripor3,7542
nfatc2,7543
sall4,7544
zfp64,7545
gm20716,7546
ctsz,7547
pck1,7548
atp5e,7549
edn3,7550
ak166773,7551
stx16,7552
rab22a,7553
gnas,7554
tubb1,7555
prelid3b,7556
psma7,7557
ss18l1,7558
phactr3,7559
gm14327,7560
mtg2,7561
taf4,7562
hrh3,7563
zfp971,7564
lsm14b,7565
gm14325,7566
rbbp8nl,7567
helz2,7568
sox18,7569
bhlhe23,7570
oprl1,7571
birc7,7572
mrgbp,7573
chrna4,7574
myt1,7575
polr3k,7576
ppdpf,7577
stmn3,7578
tpd52l2,7579
lime1,7580
kcnq2,7581
slc17a9,7582
eef1a2,7583
gid8,7584
samd10,7585
mrps28,7586
hey1,7587
tpd52,7588
zfp704,7589
larp1b,7590
mfsd8,7591
pgrmc2,7592
hspa4l,7593
mgst2,7594
noct,7595
mgarp,7596
ndufc1,7597
elf2,7598
setd7,7599
spg20,7600
dclk1,7601
sertm1,7602
nbea,7603
trim2,7604
fhdc1,7605
rps3a1,7606
sh3d19,7607
gatb,7608
tigd4,7609
glt28d2,7610
arfip1,7611
fbxw7,7612
dclk2,7613
lrba,7614
tsacc,7615
mef2d,7616
clk2,7617
pmf1,7618
isg20l2,7619
hdgf,7620
naxe,7621
msto1,7622
crabp2,7623
pklr,7624
bcan,7625
trim46,7626
hapln2,7627
glmp,7628
syt11,7629
iqgap3,7630
rab25,7631
slc25a44,7632
fam189b,7633
tmem79,7634
mex3a,7635
ubqln4,7636
creb3l4,7637
snapin,7638
tpm3,7639
rps27,7640
ilf2,7641
she,7642
s100a1,7643
jtb,7644
npr1,7645
slc39a1,7646
lingo4,7647
them5,7648
tnfaip8l2,7649
tmod4,7650
hist2h2ac,7651
scnm1,7652
hist2h2bb,7653
lysmd1,7654
ecm1,7655
bc028528,7656
mllt11,7657
mrps21,7658
ctsk,7659
fcgr1,7660
hist2h3b,7661
ensa,7662
adamtsl4,7663
arnt,7664
cers2,7665
anxa9,7666
golph3l,7667
otud7b,7668
sv2a,7669
hist2h2be,7670
hsd3b1,7671
pde4dip,7672
wars2,7673
phgdh,7674
sec22b,7675
hao2,7676
hsd3b4,7677
notch2,7678
ttf2,7679
vtcn1,7680
ptgfrn,7681
cttnbp2nl,7682
st7l,7683
capza1,7684
mov10,7685
olfml3,7686
ppm1j,7687
phtf1,7688
rsbn1,7689
fam19a3,7690
magi3,7691
syt6,7692
wnt2b,7693
aknad1,7694
wdr47,7695
prpf38b,7696
gnat2,7697
5330417c22rik,7698
sars,7699
strip1,7700
eps8l3,7701
sypl2,7702
gpsm2,7703
gnai3,7704
atxn7l2,7705
clcc1,7706
ampd2,7707
gstm2,7708
gstm3,7709
alx3,7710
taf13,7711
stxbp3-1,7712
mybphl,7713
tmem56,7714
arhgap29,7715
fabp2,7716
pde5a,7717
mettl14,7718
bcar3,7719
sec24d,7720
synpo2,7721
cfi,7722
clca3b,7723
clca2,7724
hs2st1,7725
clca1,7726
sh3glb1,7727
rpf1,7728
mcoln2,7729
lpar3,7730
ctbs,7731
dnase2b,7732
spata1,7733
syde2,7734
gng5,7735
prkacb,7736
2410004b18rik,7737
fubp1,7738
dnajb4,7739
gipc2,7740
nexn,7741
rab2a,7742
chd7,7743
cntfr,7744
il11ra1,7745
dctn3,7746
dnaja1,7747
dnaic1,7748
ccl27a,7749
stoml2,7750
fam214b,7751
car9,7752
ccdc107,7753
hint2,7754
gba2,7755
tln1,7756
glipr2,7757
reck,7758
fam221b,7759
spag8,7760
hrct1,7761
tmem8b,7762
gne,7763
rnf38,7764
grhpr,7765
slc25a51,7766
fbxo10,7767
stra6l,7768
exosc3,7769
ncbp1,7770
nans,7771
anp32b,7772
trim14,7773
polr1e,7774
tstd2,7775
hemgn,7776
tdrd7,7777
gabbr2,7778
cavin4,7779
alg2,7780
galnt12,7781
cdc26,7782
hdhd3,7783
zfp37,7784
slc31a2,7785
bspry,7786
zfp618,7787
kif12,7788
2310002l09rik,7789
rasef,7790
frmd3,7791
cer1,7792
tyrp1,7793
frem1,7794
snapc3,7795
nfib,7796
focad,7797
klhl9,7798
acer2,7799
ndc1,7800
pars2,7801
ttc22,7802
fam151a,7803
mroh7,7804
hspb11,7805
lexm,7806
lrrc42,7807
dhcr24,7808
ttc4,7809
dmrtb1,7810
dio1,7811
zcchc11,7812
cdkn2c,7813
rnf11,7814
pomgnt1,7815
tspan1,7816
rad54l,7817
urod,7818
prdx1,7819
rps8,7820
tmem53,7821
mpl,7822
elovl1,7823
2610528j11rik,7824
tie1,7825
ipo13,7826
b4galt2,7827
ccdc24,7828
atp6v0b,7829
lao1,7830
slc2a1,7831
au022252,7832
rims3,7833
gm8439,7834
ndufs5,7835
cap1,7836
hpcal4,7837
bmp8b,7838
map7d1,7839
clspn,7840
zscan20,7841
zfp362,7842
trim62,7843
c77080,7844
zbtb8os,7845
hdac1,7846
zbtb8b,7847
wasf2,7848
themis2,7849
stx12,7850
fgr,7851
ppp1r8,7852
fam76a,7853
phactr4,7854
smpdl3b,7855
eya3,7856
gpr3,7857
rpa2,7858
trnp1,7859
nr0b2,7860
fam46b,7861
slc9a1,7862
wdtc1,7863
tmem222,7864
gpn2,7865
sfn,7866
pdik1l,7867
aunip,7868
hmgn2,7869
cd52,7870
ubxn11,7871
pafah2,7872
catsper4,7873
cep85,7874
rhd,7875
extl1,7876
stmn1,7877
mtfr1l,7878
paqr7,7879
trim63,7880
tmem57,7881
runx3,7882
srrm1,7883
grhl3,7884
rpl11,7885
kdm1a,7886
hnrnpr,7887
ephb2,7888
epha8,7889
cdc42,7890
rap1gap,7891
kif17,7892
ece1,7893
igsf21,7894
mfap2,7895
padi4,7896
atp13a2,7897
crocc,7898
sdhb,7899
necap2,7900
fbxo42,7901
hspb7,7902
arhgef19,7903
agmat,7904
fblim1,7905
tmem51,7906
prdm2,7907
agtrap,7908
mfn2,7909
fv1,7910
nppb,7911
casz1,7912
plod1,7913
clcn6,7914
ubiad1,7915
disp3,7916
fbxo44,7917
mad2l2,7918
angptl7,7919
kif1b,7920
nmnat1,7921
ube4b,7922
eno1,7923
a430005l14rik,7924
kcnab2,7925
chd5,7926
ajap1,7927
mib2,7928
mmel1,7929
tnfrsf14,7930
c1qtnf12,7931
slc35e2,7932
ccnl2,7933
hes5,7934
nadk,7935
perm1,7936
mmp23,7937
sdf4,7938
samd11,7939
ttll10,7940
plch2,7941
noc2l,7942
acap3,7943
9430015g10rik,7944
pusl1,7945
cfap74,7946
gabrd,7947
tmem240,7948
tmem88b,7949
aurkaip1,7950
isg15,7951
fastk,7952
asb10,7953
smarcd3,7954
nos3,7955
abcb8,7956
klhl7,7957
cdk5,7958
abcf2,7959
hadhb,7960
kcnk3,7961
dnajb6,7962
khk,7963
garem2,7964
emilin1,7965
hadha,7966
cad,7967
agbl5,7968
ost4,7969
krtcap3,7970
slbp,7971
zfp512,7972
fndc4,7973
spon2,7974
gtf3c2,7975
ppm1g,7976
mrpl33,7977
fam53a,7978
ctbp1,7979
fosl2,7980
ppp1cb,7981
yes1,7982
rbks,7983
haus3,7984
poln,7985
tmem129,7986
nsd2,7987
cpz,7988
sh3tc1,7989
ablim2,7990
htra3,7991
mrfap1,7992
psapl1,7993
wfs1,7994
grpel1,7995
ccdc96,7996
tbc1d14,7997
fam114a1,7998
klf3,7999
rfc1,8000
lias,8001
uchl1,8002
nipal1,8003
corin,8004
nfxl1,8005
cwh43,8006
rasl11b,8007
ppat,8008
rest,8009
srd5a3,8010
hopx,8011
spink2,8012
srp72,8013
parm1,8014
uso1,8015
g3bp2,8016
sdad1,8017
stbd1,8018
ccdc158,8019
ccni,8020
sept11,8021
a930011g23rik,8022
rasgef1b,8023
lrrc8c,8024
ak165889,8025
atp5k,8026
tmed5,8027
slc26a1,8028
p2rx2,8029
pus1,8030
hscb,8031
mn1,8032
c130026l21rik,8033
acads,8034
pla2g1b,8035
triap1,8036
msi1,8037
mlec,8038
srsf9,8039
dynll1,8040
unc119b,8041
gltp,8042
1500011b03rik,8043
cox6a1,8044
2610524h06rik,8045
hnf1a,8046
vsig10,8047
prkab1,8048
taok3,8049
cit,8050
wsb2,8051
srrm4,8052
hspb8,8053
rnft2,8054
fbxw8,8055
med13l,8056
tbx3,8057
ddx54,8058
rita1,8059
plbd2,8060
hectd4,8061
acad12,8062
trafd1,8063
ptpn11,8064
myl2,8065
vps29,8066
p2rx4,8067
gpn3,8068
atp2a2,8069
anapc5,8070
pptc7,8071
arpc3,8072
fam216a,8073
sbno1,8074
lrrc43,8075
psmd9,8076
diablo,8077
vps37b,8078
hcar1,8079
rilpl2,8080
gtf2h3,8081
kmt5a,8082
kntc1,8083
mlxip,8084
ddx55,8085
hip1r,8086
tmed2,8087
2810006k23rik,8088
mphosph9,8089
aacs,8090
tmem132c,8091
mettl27,8092
mlxipl,8093
gtf2i,8094
bud23,8095
dnajc30,8096
gtf2ird1,8097
tbl2,8098
vps37d,8099
cldn13,8100
stx1a,8101
eif4h,8102
lat2,8103
cldn4,8104
fkbp6,8105
cldn3,8106
mdh2,8107
rhbdd2,8108
styxl1,8109
upk3bl,8110
upk3b,8111
ywhag,8112
rasa4,8113
ift22,8114
hspb1,8115
dnaaf5,8116
sun1,8117
zfand2a,8118
3110082i17rik,8119
cyp2w1,8120
uncx,8121
gper1,8122
gpr146,8123
get4,8124
c130050o18rik,8125
micall2,8126
nudt1,8127
tmem184a,8128
mafk,8129
ttyh3,8130
ints1,8131
mad1l1,8132
grifin,8133
iqce,8134
mrm2,8135
snx8,8136
brat1,8137
bri3,8138
gsx1,8139
pdx1,8140
urad,8141
polr1d,8142
usp12,8143
rasl11a,8144
mtus2,8145
ptprz1,8146
zfp800,8147
ccdc136,8148
prrt4,8149
strip2,8150
calu,8151
impdh1,8152
atp6v1f,8153
klhdc10,8154
mest,8155
mkln1,8156
akr1b7,8157
exoc4,8158
cald1,8159
3110062m04rik,8160
zfp786,8161
gimap7,8162
lrrc61,8163
pdia4,8164
ccdc126,8165
zfp467,8166
zfp956,8167
atp6v0e2,8168
nfe2l3,8169
hoxa10,8170
hoxa11,8171
snx10,8172
jazf1,8173
hibadh,8174
evx1,8175
usp39,8176
tmem150a,8177
vamp5,8178
0610030e20rik,8179
atoh8,8180
capg,8181
dnah6,8182
retsat,8183
ggcx,8184
m1ap,8185
eva1a,8186
gcfc2,8187
dqx1,8188
aup1,8189
mthfd2,8190
mrpl53,8191
lbx2,8192
noto,8193
spr,8194
asprv1,8195
nfu1,8196
kbtbd12,8197
abtb1,8198
chchd6,8199
plxna1,8200
grip2,8201
xpc,8202
mrps25,8203
ak043032,8204
ppp4r2,8205
prok2,8206
eif4e3,8207
shq1,8208
gxylt2,8209
arpc4,8210
camk1,8211
slc6a1,8212
hrh1,8213
slc6a11,8214
tmem40,8215
timp4,8216
mkrn2,8217
syn2,8218
cand2,8219
raf1,8220
bms1,8221
dcp1b,8222
zfp248,8223
zfp9,8224
cacna1c,8225
lrtm2,8226
wnt5b,8227
il17ra,8228
wnk1,8229
ccdc77,8230
kdm5a,8231
apobec1,8232
mug1,8233
rimklb,8234
aicda,8235
usp5,8236
cdca3,8237
pianp,8238
gapdh,8239
ltbr,8240
tuba3a,8241
prmt8,8242
tulp3,8243
pzp,8244
cracr2a,8245
tead4,8246
parp11,8247
ak039686,8248
etnk1,8249
ldhb,8250
slco1c1,8251
spx,8252
slco1b2,8253
golt1b,8254
lrmp,8255
kras,8256
etfrf1,8257
bcat1,8258
sspn,8259
casc1,8260
rassf8,8261
stk38l,8262
tm7sf3,8263
1700034j05rik,8264
mrps35,8265
med21,8266
gm14548,8267
ttyh1,8268
gp6,8269
myadm,8270
tmc4,8271
tnnt1,8272
tnni3,8273
lilra6,8274
sbk2,8275
isoc2a,8276
zfp524,8277
ceacam15,8278
c5ar2,8279
selenow,8280
c5ar1,8281
ehd2,8282
tmem160,8283
napa,8284
arhgap35,8285
sae1,8286
kptn,8287
slc8a2,8288
strn4,8289
meis3,8290
prkd2,8291
ptgir,8292
calm3,8293
igsf23,8294
apoc2,8295
vasp,8296
apoc1,8297
exoc3l2,8298
apoc4,8299
ppm1n,8300
apoe,8301
cblc,8302
tomm40,8303
trappc6a,8304
bcam,8305
xrcc1,8306
rabac1,8307
zfp428,8308
irgq,8309
cd177,8310
atp1a3,8311
kcnn4,8312
tmem145,8313
erf,8314
prr19,8315
pafah1b3,8316
coq8b,8317
fbl,8318
akt2,8319
eid2b,8320
fcgbp,8321
ttc9b,8322
sertad1,8323
blvrb,8324
timm50,8325
zfp36,8326
lrfn1,8327
spint2,8328
clip3,8329
hspb6,8330
atp4a,8331
u2af1l4,8332
prodh2,8333
4931406p16rik,8334
kctd15,8335
uri1,8336
zfp507,8337
pop4,8338
tshz3,8339
plekhf1,8340
ccne1,8341
lin7b,8342
cd37,8343
prr12,8344
aldh16a1,8345
ppfia3,8346
gys1,8347
car11,8348
fam83e,8349
cyth2,8350
spaca4,8351
kcnj14,8352
kcnc1,8353
lmtk3,8354
dbp,8355
abcc6,8356
apba2,8357
mcee,8358
otud7a,8359
ttc23,8360
rgma,8361
9330171b17rik,8362
anpep,8363
ticrr,8364
rlbp1,8365
polg,8366
ap3s2,8367
cib1,8368
prc1,8369
idh2,8370
furin,8371
fes,8372
cpeb1,8373
rps17,8374
homer2,8375
btbd1,8376
tm6sf1,8377
efl1,8378
stard5,8379
adamtsl3,8380
tmc3,8381
emsy,8382
a630091e08rik,8383
thap12,8384
wnt11,8385
mogat2,8386
map6,8387
gdpd5,8388
rnf169,8389
neu3,8390
slco2b1,8391
lamtor1,8392
fchsd2,8393
stard10,8394
inppl1,8395
p2ry2,8396
anapc15,8397
rhog,8398
il18bp,8399
pde2a,8400
atg16l2,8401
rnf121,8402
trpc2,8403
art1,8404
art5,8405
tpp1,8406
timm10b,8407
ilk,8408
tmem9b,8409
scube2,8410
rpl27a,8411
st5,8412
akip1,8413
swap70,8414
mrvi1,8415
sbf2,8416
adm,8417
ampd3,8418
usp47,8419
mical2,8420
parva,8421
micalcl,8422
btbd10,8423
arntl,8424
rps13,8425
mettl9,8426
sept1,8427
asphd1,8428
coro1a,8429
fam57b,8430
tufm,8431
qprt,8432
xpo6,8433
kctd13,8434
lat,8435
sephs2,8436
stx1b,8437
stx4a,8438
hsd3b7,8439
orai3,8440
rnf40,8441
itgal,8442
pycard,8443
prss8,8444
kat8,8445
bckdk,8446
cox6a2,8447
tgfb1i1,8448
inpp5f,8449
ate1,8450
fgfr2,8451
plekha1,8452
abraxas2,8453
mgmt,8454
jakmip3,8455
inpp5a,8456
paox,8457
msx3,8458
sirt3,8459
zfp941,8460
caly,8461
ric8a,8462
rplp2,8463
cdhr5,8464
rnh1,8465
slc25a22,8466
rassf7,8467
eps8l2,8468
taldo1,8469
pidd1,8470
pnpla2,8471
igf2,8472
syt8,8473
tnnt3,8474
phlda2,8475
trpm5,8476
fgf15,8477
nadsyn1,8478
ccnd1,8479
fgf4,8480
fadd,8481
ppfia1,8482
tpcn2,8483
cers4,8484
stxbp2,8485
clec4g,8486
timm44,8487
ctxn1,8488
camsap3,8489
pex11g,8490
kbtbd11,8491
tdrp,8492
xkr5,8493
defb12,8494
thsd1,8495
nek5,8496
atp7b,8497
mrps31,8498
slc25a15,8499
ank1,8500
vdac3,8501
plpbp,8502
erlin2,8503
adgra2,8504
rab11fip1,8505
eif4ebp1,8506
6430573f11rik,8507
ai429214,8508
prag1,8509
dlc1,8510
enpp6,8511
stox2,8512
cldn22,8513
wwc2,8514
ints10,8515
zfp930,8516
atp6v1b2,8517
lpl,8518
kxd1,8519
slc25a42,8520
gatad2a,8521
ell,8522
uba52,8523
ushbp1,8524
plvap,8525
b3gnt3,8526
ankle1,8527
ifi30,8528
tpm4,8529
mpv17l2,8530
rab3a,8531
bst2,8532
pik3r2,8533
fcho1,8534
haus8,8535
jak3,8536
klf2,8537
tmem38a,8538
zfp961,8539
hnrnpa3,8540
ednra,8541
slc10a7,8542
pou4f2,8543
il27ra,8544
gipc1,8545
adgre5,8546
prkaca,8547
ddx39,8548
asf1b,8549
adgrl1,8550
d8ertd738e,8551
cc2d1a,8552
zswim4,8553
dcaf15,8554
dand5,8555
ak168184,8556
dnase2a,8557
nfix,8558
gcdh,8559
rad23a,8560
calr,8561
syce2,8562
zfp423,8563
irx3,8564
rpgrip1l,8565
irx5,8566
adgrg1,8567
herpud1,8568
pllp,8569
ciapin1,8570
adgrg3,8571
katnb1,8572
cx3cl1,8573
coq9,8574
fam192a,8575
ccdc102a,8576
ndrg4,8577
sap18b,8578
got2,8579
enkd1,8580
slc12a4,8581
edc4,8582
lcat,8583
lrrc29,8584
dpep2,8585
psmb10,8586
tmem208,8587
nutf2,8588
pmfbp1,8589
zfhx3,8590
marveld3,8591
rfwd3,8592
il34,8593
pdpr,8594
ldhd,8595
aars,8596
mlkl,8597
wwox,8598
cmc2,8599
maf,8600
dynlrb2,8601
crispld2,8602
hsdl1,8603
mlycd,8604
mbtps1,8605
kcng4,8606
cotl1,8607
dnaaf1,8608
taf1c,8609
osgin1,8610
tldc1,8611
zdhhc7,8612
atp2c2,8613
fam92b,8614
gins2,8615
foxl1,8616
1190005i06rik,8617
foxf1,8618
irf8,8619
emc8,8620
cox4i1,8621
jph3,8622
klhdc4,8623
foxc2,8624
cdh15,8625
tcf25,8626
sult5a1,8627
spg7,8628
zfp276,8629
tubb3,8630
vps9d1,8631
def8,8632
car5a,8633
rnf166,8634
cdt1,8635
trappc2l,8636
slc7a5,8637
piezo1,8638
snai3,8639
chmp1a,8640
zfpm1,8641
cyba,8642
dbndd1,8643
cbfa2t3,8644
fanca,8645
ctu2,8646
dpep1,8647
spire2,8648
galns,8649
ntpcr,8650
sipa1l2,8651
disc1,8652
egln1,8653
map10,8654
irf2bp2,8655
slc36a4,8656
zfp846,8657
zfp426,8658
zfp317,8659
icam4,8660
dnmt1,8661
eif3g,8662
angptl6,8663
ppan,8664
icam1,8665
icam5,8666
atg4d,8667
mrpl4,8668
cdc37,8669
smarca4,8670
timm29,8671
acp5,8672
angptl8,8673
ecsit,8674
spc24,8675
kank2,8676
cnn1,8677
plppr2,8678
zfp809,8679
zfp653,8680
epor,8681
9530077c05rik,8682
st3gal4,8683
robo3,8684
spa17,8685
panx3,8686
trappc4,8687
trim29,8688
usp2,8689
cbl,8690
slc37a4,8691
ccdc84,8692
hyou1,8693
c2cd2l,8694
vps11,8695
rnf26,8696
mcam,8697
upk2,8698
fxyd6,8699
fxyd2,8700
dscaml1,8701
rbm7,8702
nnmt,8703
cadm1,8704
ireb2,8705
chrna5,8706
cspg4,8707
snx33,8708
ppcdc,8709
scamp2,8710
pml,8711
clk3,8712
sin3a,8713
islr2,8714
scamp5,8715
cyp1a2,8716
cox5a,8717
fam219b,8718
cyp1a1,8719
islr,8720
arid3b,8721
mpi,8722
ccdc33,8723
tle3,8724
coro2b,8725
anp32a,8726
smad3,8727
cln6,8728
itga11,8729
fem1b,8730
map2k1,8731
tipin,8732
zwilch,8733
hacd3,8734
dpp8,8735
dennd4a,8736
spg21,8737
parp16,8738
zfp609,8739
pclaf,8740
ubap1l,8741
csnk1g1,8742
pif1,8743
plekho2,8744
tln2,8745
herc1,8746
rab8b,8747
fam96a,8748
dapk2,8749
fbxl22,8750
car12,8751
aph1b,8752
rps27l,8753
foxb1,8754
ice2,8755
myo1e,8756
fam214a,8757
zbtb38,8758
spsb4,8759
slc25a36,8760
ky,8761
ephb1,8762
ppp2r3a,8763
ryk,8764
nphp3,8765
srprb,8766
ackr4,8767
anapc13,8768
cep63,8769
slco2a1,8770
acad11,8771
trf,8772
uba5,8773
1300017j02rik,8774
tmem108,8775
topbp1,8776
dcaf1,8777
grm2,8778
6430571l13rik,8779
dock3,8780
mapkapk3,8781
gpx1,8782
usp4,8783
nicn1,8784
sema3b,8785
ifrd2,8786
dag1,8787
camkv,8788
bsn,8789
mon1a,8790
uba7,8791
gmppb,8792
amigo3,8793
fam212a,8794
trex1,8795
shisa5,8796
col7a1,8797
ccdc51,8798
camp,8799
nme6,8800
ccdc12,8801
myl3,8802
pth1r,8803
rtp3,8804
als2cl,8805
scap,8806
ltf,8807
ccrl2,8808
osbpl10,8809
ccr5,8810
ano10,8811
cdcp1,8812
myrip,8813
tcaim,8814
cyp8b1,8815
ctnnb1,8816
1700048o20rik,8817
ccr1,8818
rpl14,8819
nktr,8820
trak1,8821
fam198a,8822
klhl40,8823
fyco1,8824
rpsa,8825
ss18l2,8826
entpd3,8827
ccr3,8828
snrk,8829
kif15,8830
zkscan7,8831
tgm4,8832
lztfl1,8833
sec22c,8834
pomgnt2,8835
zfp445,8836
higd1a,8837
ulk4,8838
ccr2,8839
exosc7,8840
vipr1,8841
eif1b,8842
limd1,8843
slc6a20a,8844
sacm1l,8845
ackr2,8846
cck,8847
clec3b,8848
vip,8849
fbxo5,8850
myct1,8851
heca,8852
txlnb,8853
ccdc28a,8854
adgrg6,8855
tnfaip3,8856
rev3l,8857
traf3ip2,8858
fyn,8859
zbtb24,8860
mettl24,8861
cd164,8862
ddo,8863
smpd2,8864
ostm1,8865
sobp,8866
9030612e09rik,8867
scml4,8868
snx3,8869
nr2e1,8870
bend3,8871
afg1l,8872
pdss2,8873
1700021f05rik,8874
bves,8875
hace1,8876
lin28b,8877
atg5,8878
unc5b,8879
pcbd1,8880
sgpl1,8881
lrrc20,8882
ak085995,8883
supv3l1,8884
hk1,8885
aifm2,8886
ddx50,8887
h2afy2,8888
stox1,8889
ccar1,8890
col13a1,8891
cabcoco1,8892
rhobtb1,8893
a930033h14rik,8894
bicc1,8895
fam13c,8896
slc16a9,8897
phyhipl,8898
ube2d1,8899
ak015956,8900
gstt3,8901
slc5a4b,8902
ggt5,8903
chchd10,8904
snrpd3,8905
ggt1,8906
prmt2,8907
ftcd,8908
gstt2,8909
lss,8910
dip2a,8911
smarcb1,8912
zfp280b,8913
plpp2,8914
pdxk,8915
ccdc105,8916
madcam1,8917
arid3a,8918
map2k2,8919
plppr3,8920
mrpl54,8921
nfic,8922
apc2,8923
prtn3,8924
fstl3,8925
ptbp1,8926
midn,8927
palm,8928
cnn2,8929
abca7,8930
apba3,8931
tbxa2r,8932
1600002k03rik,8933
stk11,8934
uqcr11,8935
sbno2,8936
mfsd12,8937
gpx4,8938
creb3l3,8939
celf5,8940
2310011j03rik,8941
atp5d,8942
oaz1,8943
gamt,8944
ndufs7,8945
dot1l,8946
mex3d,8947
reep6,8948
dohh,8949
mbd3,8950
mknk2,8951
scamp4,8952
lingo3,8953
hmg20b,8954
cactin,8955
gna15,8956
gng7,8957
aes,8958
s1pr4,8959
ric8b,8960
fhl4,8961
lta4h,8962
cfap54,8963
cdk17,8964
amdhd1,8965
ntn4,8966
socs2,8967
mrpl42,8968
ube2n,8969
poc1b,8970
ppp1r12a,8971
pawr,8972
zdhhc17,8973
mdm1,8974
tmbim4,8975
msrb3,8976
hmga2,8977
d930020b18rik,8978
ppm1h,8979
stat6,8980
mettl1,8981
nab2,8982
b4galnt1,8983
dctn2,8984
rdh1,8985
tsfm,8986
march9,8987
arhgap9,8988
mars,8989
nxph4,8990
gpr182,8991
gli1,8992
pip4k2c,8993
inhbc,8994
prim1,8995
rdh7,8996
mtfp1,8997
uqcr10,8998
inpp5j,8999
tcn2,9000
lif,9001
pik3ip1,9002
slc35e4,9003
hormad2,9004
sec14l2,9005
rnf185,9006
morc2a,9007
osbp2,9008
thoc5,9009
mtmr3,9010
zmat5,9011
sec14l4,9012
ascc2,9013
rhbdd3,9014
znrf3,9015
kremen1,9016
pgam2,9017
vstm2a,9018
meis1,9019
erlec1,9020
stc2,9021
chac2,9022
gpr75,9023
snrnp25,9024
mpg,9025
fbxw11,9026
hba-a2,9027
sh3pxd2b,9028
hba-x,9029
ubtd2,9030
rnf145,9031
clint1,9032
nhp2,9033
rmnd5b,9034
n4bp3,9035
9530068e07rik,9036
phykpl,9037
0610009b22rik,9038
fstl4,9039
vdac1,9040
ppp2ca,9041
cdkl3,9042
drg2,9043
nt5m,9044
alkbh5,9045
med9,9046
atpaf2,9047
gid4,9048
pemt,9049
rasd1,9050
drc3,9051
tom1l2,9052
kcnj12,9053
slc47a1,9054
mief2,9055
shmt1,9056
fam83g,9057
usp22,9058
tmem11,9059
map2k3,9060
top3a,9061
epn2,9062
b9d1,9063
mapk7,9064
pmp22,9065
hs3st3a1,9066
elac2,9067
cox10,9068
trim16,9069
fbxw10,9070
zfp286,9071
zfp287,9072
mfsd6l,9073
cfap52,9074
gps2,9075
rangrf,9076
eif5a,9077
slc25a35,9078
rpl26-2,9079
vamp2,9080
atp1b2,9081
alox8,9082
naa38,9083
acap1,9084
plscr3,9085
senp3,9086
chrnb1,9087
shbg,9088
trp53,9089
neurl4,9090
tnfsfm13,9091
wrap53,9092
slc2a4,9093
spag7,9094
eno3,9095
asgr2,9096
rnasek,9097
gltpd2,9098
wscd1,9099
pafah1b1,9100
serpinf2,9101
cluh,9102
tlcd2,9103
smg6,9104
ccdc92b,9105
doc2b,9106
dbil5,9107
timm22,9108
crk,9109
mrm3,9110
nxn,9111
ywhae,9112
vps53,9113
1700016k19rik,9114
tusc5,9115
coro6,9116
fam222b,9117
blmh,9118
flot2,9119
myo18a,9120
ankrd13b,9121
traf4,9122
dhrs13,9123
nek8,9124
ssh2,9125
bhlha9,9126
tlcd1,9127
abhd15,9128
ift20,9129
lgals9,9130
foxn1,9131
unc119,9132
utp6,9133
slc13a2,9134
tmem199,9135
tnfaip1,9136
omg,9137
nlk,9138
nos2,9139
sarm1,9140
rab11fip4,9141
poldip2,9142
wsb1,9143
evi2b,9144
tmem97,9145
cdk5r1,9146
myo19,9147
ints2,9148
tbx2,9149
mpo,9150
mtmr4,9151
supt4a,9152
dynll2,9153
lpo,9154
epn3,9155
nme2,9156
nme1,9157
spag9,9158
tob1,9159
fam117a,9160
hils1,9161
phb,9162
samd14,9163
lrrc59,9164
gm11541,9165
xylt2,9166
col1a1,9167
copz2,9168
sgca,9169
eme1,9170
pdk2,9171
skap1,9172
cdk5rap3,9173
sp2,9174
snf8,9175
mrpl10,9176
ngfr,9177
slc35b1,9178
prr15l,9179
gngt2,9180
phospho1,9181
kat7,9182
socs7,9183
hoxb9,9184
abi3,9185
cbx1,9186
atp5g1,9187
nfe2l1,9188
kpnb1,9189
lrrc46,9190
b4galnt2,9191
scrn2,9192
gip,9193
pnpo,9194
npepps,9195
mrpl45,9196
4933428g20rik,9197
tcap,9198
rpl23,9199
pgap3,9200
fbxo47,9201
fbxl20,9202
erbb2,9203
neurod2,9204
stac2,9205
zpbp2,9206
cacnb1,9207
ormdl3,9208
pnmt,9209
gsdma2,9210
ppp1r1b,9211
stard3,9212
aarsd1,9213
ramp2,9214
becn1,9215
naglu,9216
mlx,9217
aoc3,9218
tubg2,9219
stat3,9220
cavin1,9221
fkbp10,9222
p3h4,9223
kcnh4,9224
g6pc,9225
ptges3l,9226
zfp385c,9227
atp6v0a1,9228
ifi35,9229
stat5b,9230
rnd2,9231
etv4,9232
dusp3,9233
mpp3,9234
mpp2,9235
rdm1,9236
arl4d,9237
dhx8,9238
ubtf,9239
lsm12,9240
grn,9241
slc25a39,9242
1700006e09rik,9243
hdac5,9244
gm11627,9245
gjc1,9246
nmt1,9247
meioc,9248
nsf,9249
crhr1,9250
arf2,9251
strada,9252
limd2,9253
nol11,9254
pitpnc1,9255
prkca,9256
psmd12,9257
cacng5,9258
cacng4,9259
prkar1a,9260
cep112,9261
e030025p04rik,9262
wipi1,9263
amz2,9264
slc16a6,9265
1700012b07rik,9266
cog1,9267
cd300lb,9268
gprc5c,9269
galk1,9270
tmem94,9271
smim5,9272
sap30bp,9273
unc13d,9274
wbp2,9275
ten1,9276
slc25a19,9277
smim6,9278
mif4gd,9279
mrps7,9280
nup85,9281
llgl2,9282
recql5,9283
mrpl38,9284
prpsap1,9285
srp68,9286
tmc6,9287
tnrc6c,9288
sept9,9289
mxra7,9290
mettl23,9291
srsf2,9292
1810032o08rik,9293
syngr2,9294
st6galnac2,9295
jmjd6,9296
mgat5b,9297
tk1,9298
cygb,9299
afmid,9300
sec14l1,9301
lgals3bp,9302
cep295nl,9303
c1qtnf1,9304
enpp7,9305
pgs1,9306
timp2,9307
engase,9308
ccdc40,9309
rnf213,9310
nptx1,9311
eif4a3,9312
gaa,9313
cep131,9314
slc26a11,9315
sgsh,9316
slc38a10,9317
npb,9318
slc16a3,9319
slc25a10,9320
0610009l18rik,9321
cbr2,9322
sectm1b,9323
pycr1,9324
p4hb,9325
oxld1,9326
gcgr,9327
fn3k,9328
zfp750,9329
hgs,9330
dcxr,9331
nploc4,9332
cenpx,9333
arhgdia,9334
wdr45b,9335
dus1l,9336
mfsd2b,9337
dnajc27,9338
cenpo,9339
ubxn2a,9340
1110002l01rik,9341
ptrhd1,9342
itsn2,9343
kif3c,9344
adcy3,9345
klhl29,9346
hs1bp3,9347
sdc1,9348
mycn,9349
ddx1,9350
trib2,9351
e2f6,9352
rock2,9353
pqlc3,9354
pdia6,9355
klhdc1,9356
rpl36al,9357
pole2,9358
klhdc2,9359
arf6,9360
pygl,9361
l2hgdh,9362
zbtb25,9363
syne2,9364
tex21,9365
plek2,9366
atp6v1d,9367
rad51b,9368
rdh12,9369
elmsan1,9370
acot5,9371
dnal1,9372
papln,9373
acot4,9374
acot3,9375
ptgr2,9376
dlst,9377
ltbp2,9378
acyp1,9379
esrrb,9380
flvcr2,9381
batf,9382
ift43,9383
ttll5,9384
vash1,9385
cipc,9386
irf2bpl,9387
sptlc2,9388
gstz1,9389
tmem63c,9390
samd15,9391
cep128,9392
ptpn21,9393
eml5,9394
dglucy,9395
ccdc88c,9396
itpk1,9397
moap1,9398
golga5,9399
tmem251,9400
ifi27,9401
ddx24,9402
atg2b,9403
yy1,9404
degs2,9405
wars,9406
ankrd9,9407
crip1,9408
traf3,9409
tnfaip2,9410
tecpr2,9411
rcor1,9412
btbd6,9413
gm266,9414
siva1,9415
2010107e04rik,9416
mta1,9417
nudt14,9418
cinp,9419
adssl1,9420
gpr132,9421
tmem121,9422
jag2,9423
bc022687,9424
zfyve21,9425
lbhd2,9426
amn,9427
ppp1r13b,9428
tmem179,9429
eif5,9430
ckb,9431
xrcc3,9432
crip2,9433
trmt61a,9434
ahnak2,9435
zbtb42,9436
cdca4,9437
tedc1,9438
tdrd9,9439
rd3l,9440
brf1,9441
zfp386,9442
hist1h2bp,9443
hist1h3i,9444
hist1h2bh,9445
hist1h1d,9446
hist1h2ad,9447
hist1h3g,9448
sox4,9449
rreb1,9450
hivep1,9451
edn1,9452
mcur1,9453
sirt5,9454
dtnbp1,9455
gfod1,9456
rnf182,9457
cd83,9458
jarid2,9459
tbc1d7,9460
kdm1b,9461
bicd2,9462
zfp169,9463
ecm2,9464
barx1,9465
ogn,9466
ptpdc1,9467
ippk,9468
card19,9469
susd3,9470
ninj1,9471
sema4d,9472
syk,9473
sfxn1,9474
sncb,9475
gprin1,9476
cdhr2,9477
prelid1,9478
prr7,9479
ddx41,9480
fam193b,9481
lman2,9482
f12,9483
slc35d2,9484
ercc6l2,9485
ap3b1,9486
lhfpl2,9487
tbca,9488
wdr41,9489
zbed3,9490
otp,9491
scamp1,9492
f2rl1,9493
iqgap2,9494
f2rl2,9495
hmgcr,9496
gcnt4,9497
slc30a5,9498
map3k1,9499
gpx8,9500
dupd1,9501
adk,9502
samd8,9503
zcchc24,9504
zmiz1,9505
anxa11,9506
ppif,9507
itih1,9508
itih3,9509
itih4,9510
lrrc18,9511
3425401b19rik,9512
prrxl1,9513
gdf2,9514
mapk8,9515
ercc6,9516
vstm4,9517
fam35a,9518
npy4r,9519
anxa8,9520
mmrn2,9521
bmpr1a,9522
cdkn3,9523
cnih1,9524
ktn1,9525
peli2,9526
tmem260,9527
rnase10,9528
pnp,9529
pnp2,9530
sall2,9531
rab2b,9532
bcl2l2,9533
myh6,9534
pck2,9535
mmp14,9536
zfhx2,9537
slc7a7,9538
carmil3,9539
nrl,9540
haus4,9541
jph4,9542
oxa1l,9543
rem2,9544
ppp1r3e,9545
cebpe,9546
mrpl52,9547
myh7,9548
dhrs4,9549
prmt5,9550
ap1g2,9551
dhrs2,9552
ngdn,9553
acin1,9554
cpne6,9555
1700123o20rik,9556
tgm1,9557
cideb,9558
tssk4,9559
parp4,9560
adcy4,9561
pspc1,9562
ripk3,9563
rnf17,9564
tm9sf1,9565
micu2,9566
mtmr6,9567
cdadc1,9568
mipep,9569
sgcg,9570
arl11,9571
ebpl,9572
rnaseh2b,9573
trim13,9574
gata4,9575
blk,9576
mtmr9,9577
xkr6,9578
zfp395,9579
esco2,9580
ptk2b,9581
pnoc,9582
ephx2,9583
chmp7,9584
loxl2,9585
entpd4b,9586
tnfrsf10b,9587
ccar2,9588
fgf17,9589
lacc1,9590
vwa8,9591
zfp957,9592
mtrf1,9593
akap11,9594
farp1,9595
ubac2,9596
ggact,9597
clybl,9598
zic2,9599
tmtc4,9600
gm5089,9601
pcca,9602
oxct1,9603
card6,9604
retreg1,9605
ywhaz,9606
zfp706,9607
rrm2b,9608
klf10,9609
grhl2,9610
azin1,9611
emc2,9612
eif3h,9613
trmt12,9614
fbxo32,9615
atad2,9616
klhl38,9617
sqle,9618
slurp2,9619
adgrb1,9620
slurp1,9621
psca,9622
ly6f,9623
gpihbp1,9624
ly6a,9625
ly6c2,9626
d730001g18rik,9627
gml2,9628
bc025446,9629
ly6h,9630
grina,9631
cyc1,9632
rpl8,9633
cpsf1,9634
zfp647,9635
hgh1,9636
parp10,9637
slc39a4,9638
kctd17,9639
rac2,9640
tst,9641
eif3d,9642
ift27,9643
mfng,9644
ncf4,9645
tmem184b,9646
kdelr3,9647
dmc1,9648
maff,9649
csnk1e,9650
apobec3,9651
cby1,9652
cbx6,9653
pdgfb,9654
grap2,9655
rps19bp1,9656
tab1,9657
st13,9658
atf4,9659
fam83f,9660
cacna1i,9661
syngr1,9662
mgat3,9663
adsl,9664
srebf2,9665
1500009c09rik,9666
pacsin2,9667
cyp2d10,9668
cyp2d26,9669
cenpm,9670
sept3,9671
ccdc134,9672
cyb5r3,9673
ttll1,9674
smdt1,9675
cyp2d22,9676
fam109b,9677
naga,9678
ndufa6,9679
poldip3,9680
tspo,9681
ttll12,9682
scube1,9683
parvg,9684
sult4a1,9685
samm50,9686
mpped1,9687
rtl6,9688
1810041l15rik,9689
parvb,9690
pnpla3,9691
atxn10,9692
gtse1,9693
ttc38,9694
trmu,9695
phf21b,9696
pkdrej,9697
fbln1,9698
upk3a,9699
ppara,9700
gramd4,9701
cdpf1,9702
fam19a5,9703
cpne8,9704
yaf2,9705
methig1,9706
wnt1,9707
tuba1c,9708
prkag1,9709
cox14,9710
cacnb3,9711
arf3,9712
adcy6,9713
fkbp11,9714
tuba1a,9715
ccdc65,9716
tmbim6,9717
rnd1,9718
bin2,9719
rhebl1,9720
tuba1b,9721
csrnp2,9722
smarcd1,9723
cers5,9724
pou6f1,9725
dazap2,9726
prph,9727
faim2,9728
smagp,9729
larp4,9730
fmnl3,9731
prpf40b,9732
mcrs1,9733
dip2b,9734
cela1,9735
slc11a2,9736
mettl7a3,9737
letmd1,9738
asic1,9739
gpd1,9740
krt8,9741
krt7,9742
igfbp6,9743
soat2,9744
tns2,9745
atp5g2,9746
pfdn5,9747
calcoco1,9748
ppp1r1a,9749
hoxc6,9750
pde1b,9751
hoxc8,9752
hoxc5,9753
hoxc4,9754
vasn,9755
nlrc3,9756
tfap4,9757
mefv,9758
trap1,9759
cpped1,9760
clec16a,9761
prm1,9762
litaf,9763
txndc11,9764
snn,9765
socs1,9766
rmi2,9767
rsl1d1,9768
gspt1,9769
sdf2l1,9770
lztr1,9771
2610318n02rik,9772
serpind1,9773
dgcr14,9774
scarf2,9775
car15,9776
klhl22,9777
prodh,9778
lamp3,9779
klhl6,9780
clcn2,9781
chrd,9782
rtp4,9783
lrrc15,9784
atp13a3,9785
tmem44,9786
hes1,9787
acap2,9788
fam43a,9789
ppp1r2,9790
apod,9791
xxylt1,9792
ncbp2,9793
dlg1,9794
pcyt1a,9795
wdr53,9796
tfrc,9797
slc12a8,9798
snx4,9799
itgb5,9800
osbpl11,9801
parp14,9802
pdia5,9803
adcy5,9804
plcxd2,9805
bc016579,9806
paxbp1,9807
dnajc28,9808
eva1c,9809
hunk,9810
4932438h23rik,9811
ifnar1,9812
ifngr2,9813
ifnar2,9814
il10rb,9815
runx1,9816
tfb1m,9817
tiam2,9818
synj2,9819
dynlt1a,9820
snx9,9821
dynlt1b,9822
tmem242,9823
serac1,9824
rsph3b,9825
rsph3a,9826
tagap1,9827
fndc1,9828
tagap,9829
rnaset2b,9830
pacrg,9831
mpc1,9832
qk,9833
prr18,9834
tcte2,9835
fam120b,9836
tnfrsf12a,9837
bicdl2,9838
ccnf,9839
ift140,9840
caskin1,9841
msln,9842
hs3st6,9843
nthl1,9844
fahd1,9845
chtf18,9846
pgp,9847
rpusd1,9848
igfals,9849
tmem204,9850
rps2,9851
cramp1l,9852
jpt2,9853
mapk8ip3,9854
cacna1h,9855
tsr3,9856
ube2i,9857
lmf1,9858
pdia2,9859
bnip1,9860
neurl1b,9861
nkx2-5,9862
pigq,9863
atp6v0e,9864
ergic1,9865
mcrip2,9866
fam234a,9867
mettl26,9868
mrpl28,9869
tmem8,9870
rps10,9871
snrpc,9872
taf11,9873
zfp523,9874
brpf3,9875
cdkn1a,9876
srsf3,9877
cpne5,9878
fgd2,9879
rnf8,9880
glo1,9881
tbc1d22b,9882
cmtr1,9883
mdga1,9884
ccdc167,9885
dnah8,9886
pglyrp2,9887
cyp4f15,9888
rasal3,9889
cyp4f13,9890
rps18,9891
apom,9892
cfb,9893
gpsm3,9894
clic1,9895
h2-k1,9896
neu1,9897
ly6g5c,9898
h2-ab1,9899
ppt2,9900
mpig6b,9901
nelfe,9902
ddah2,9903
cyp21a1,9904
vars,9905
dpcr1,9906
atat1,9907
h2-q10,9908
sfta2,9909
ier3,9910
mrps18b,9911
dhx16,9912
ppp1r11,9913
zfp57,9914
mog,9915
slc35b2,9916
mrpl14,9917
spats1,9918
slc29a1,9919
aars2,9920
mrps18a,9921
polh,9922
srf,9923
dnph1,9924
zfp318,9925
klhdc3,9926
ttbk1,9927
mrpl2,9928
guca1b,9929
ai661453,9930
bicral,9931
1700001c19rik,9932
ccnd3,9933
tomm6,9934
pgc,9935
guca1a,9936
mdfi,9937
tfeb,9938
daam2,9939
nfya,9940
treml2,9941
trem1,9942
apobec2,9943
mocs1,9944
b430306n03rik,9945
lonp1,9946
uhrf1,9947
2410015m20rik,9948
btg3,9949
fem1a,9950
ptprs,9951
ubxn6,9952
catsperd,9953
plin3,9954
nrtn,9955
prr22,9956
pja2,9957
fbxl17,9958
vapa,9959
ndufv2,9960
rab12,9961
twsg1,9962
ralbp1,9963
ankrd12,9964
ppp4r1,9965
myom1,9966
wdr43,9967
bc027072,9968
emilin2,9969
lpin2,9970
clip4,9971
togaram2,9972
sult6b1,9973
qpct,9974
strn,9975
eif2ak2,9976
cdc42ep3,9977
gpatch11,9978
dhx57,9979
zfp36l2,9980
prkce,9981
rhoq,9982
mcfd2,9983
tmem241,9984
3110002h16rik,9985
lama3,9986
aqp4,9987
chst9,9988
fam53c,9989
kif20a,9990
hspa9,9991
reep2,9992
sil1,9993
spata24,9994
slc23a1,9995
mzb1,9996
tmem173,9997
hbegf,9998
ecscr,9999
ndufa2,10000
1700066b19rik,10001
dnd1,10002
slc35a4,10003
ankhd1,10004
pcdhb11,10005
pcdhgb2,10006
pcdhgb1,10007
arap3,10008
rnf14,10009
lvrn,10010
ccdc112,10011
ticam2,10012
pggt1b,10013
eif1a,10014
ppic,10015
sncaip,10016
prdm6,10017
gramd3,10018
prrc1,10019
smim3,10020
iigp1,10021
csnk1a1,10022
ppargc1b,10023
arhgef37,10024
pde6a,10025
camk2a,10026
il17b,10027
afap1l1,10028
grp,10029
rpl17,10030
zfp407,10031
tshz1,10032
zadh2,10033
tbx10,10034
coro1b,10035
tesmin,10036
peli3,10037
ssh3,10038
rbm4b,10039
tcirg1,10040
klc2,10041
aldh3b2,10042
yif1a,10043
rin1,10044
ptprcap,10045
ppp1ca,10046
eif1ad,10047
gal3st3,10048
acy3,10049
banf1,10050
ndufv1,10051
rce1,10052
gstp3,10053
ndufs8,10054
gstp1,10055
lrp5,10056
rhod,10057
dpp3,10058
tbc1d10c,10059
doc2g,10060
gstp2,10061
bbs1,10062
zdhhc24,10063
nudt8,10064
cd248,10065
pitpnm1,10066
cdk2ap2,10067
slc29a2,10068
cabp4,10069
rad9a,10070
sf3b2,10071
sipa1,10072
ap5b1,10073
map3k11,10074
capn1,10075
slc25a45,10076
ovol1,10077
pola2,10078
frmd8,10079
snx32,10080
rnaseh2c,10081
rtn3,10082
macrod1,10083
otub1,10084
stip1,10085
fermt3,10086
2700081o15rik,10087
naa40,10088
spindoc,10089
myrf,10090
tmem258,10091
fen1,10092
fth1,10093
fads2,10094
trpm6,10095
tmem2,10096
apba1,10097
fam189a2,10098
klf9,10099
trpm3,10100
ptar1,10101
dmrt2,10102
vldlr,10103
4430402i18rik,10104
cdc37l1,10105
jak2,10106
rln1,10107
insl6,10108
il33,10109
mlana,10110
cd274,10111
slc1a1,10112
ranbp6,10113
ric1,10114
rfx3,10115
slc35g1,10116
exoc6,10117
golga7b,10118
cnnm1,10119
crtac1,10120
r3hcc1l,10121
pkd2l1,10122
npm3,10123
mgea5,10124
cfap43,10125
as3mt,10126
ina,10127
usmg5,10128
slk,10129
cyp17a1,10130
borcs7,10131
stn1,10132
sfr1,10133
sh3pxd2a,10134
col17a1,10135
xpnpep1,10136
add3,10137
rbm20,10138
gpam,10139
bbip1,10140
shoc2,10141
habp2,10142
vti1a,10143
adrb1,10144
plekhs1,10145
vwa2,10146
nhlrc2,10147
nrap,10148
casp7,10149
tdrd1,10150
fam160b1,10151
ccdc186,10152
afap1l2,10153
trub1,10154
pnliprp1,10155
atrnl1,10156
pnliprp2,10157
shtn1,10158
gfra1,10159
